Data Source,World Development Indicators,,,,,,,,,,,,,,,,,,,,,,,,,,,,,,,,,,,,,,,,,,,,,,,,,,,,,,,,,,,,,,,,
,,,,,,,,,,,,,,,,,,,,,,,,,,,,,,,,,,,,,,,,,,,,,,,,,,,,,,,,,,,,,,,,,
Last Updated Date,1/3/2023,,,,,,,,,,,,,,,,,,,,,,,,,,,,,,,,,,,,,,,,,,,,,,,,,,,,,,,,,,,,,,,,
,,,,,,,,,,,,,,,,,,,,,,,,,,,,,,,,,,,,,,,,,,,,,,,,,,,,,,,,,,,,,,,,,
Country Name,Country Code,Indicator Name,Indicator Code,1960,1961,1962,1963,1964,1965,1966,1967,1968,1969,1970,1971,1972,1973,1974,1975,1976,1977,1978,1979,1980,1981,1982,1983,1984,1985,1986,1987,1988,1989,1990,1991,1992,1993,1994,1995,1996,1997,1998,1999,2000,2001,2002,2003,2004,2005,2006,2007,2008,2009,2010,2011,2012,2013,2014,2015,2016,2017,2018,2019,2020,2021
Aruba,ABW,Market capitalization of listed domestic companies (% of GDP),CM.MKT.LCAP.GD.ZS,,,,,,,,,,,,,,,,,,,,,,,,,,,,,,,,,,,,,,,,,,,,,,,,,,,,,,,,,,,,,,
Africa Eastern and Southern,AFE,Market capitalization of listed domestic companies (% of GDP),CM.MKT.LCAP.GD.ZS,,,,,,,,,,,,,,,,,,,,,,,,,,,,,,,,,,129.5959288,147.6143522,137.8753625,123.5714618,112.9689541,91.31698393,140.1856754,107.4440944,85.58942299,,116.5629116,153.186913,168.4990425,,,,,,,,,,,,,,,,
Afghanistan,AFG,Market capitalization of listed domestic companies (% of GDP),CM.MKT.LCAP.GD.ZS,,,,,,,,,,,,,,,,,,,,,,,,,,,,,,,,,,,,,,,,,,,,,,,,,,,,,,,,,,,,,,
Africa Western and Central,AFW,Market capitalization of listed domestic companies (% of GDP),CM.MKT.LCAP.GD.ZS,,,,,,,,,,,,,,,,,,,,,,,,,,,,,,,,,,,,,,,,,,,3.38600417,,,11.96776205,13.28247378,28.80861573,14.41811756,11.48766723,13.97116841,9.87048726,,16.42076051,11.9540132,11.5928189,,,,,12.9788955,
Angola,AGO,Market capitalization of listed domestic companies (% of GDP),CM.MKT.LCAP.GD.ZS,,,,,,,,,,,,,,,,,,,,,,,,,,,,,,,,,,,,,,,,,,,,,,,,,,,,,,,,,,,,,,
Albania,ALB,Market capitalization of listed domestic companies (% of GDP),CM.MKT.LCAP.GD.ZS,,,,,,,,,,,,,,,,,,,,,,,,,,,,,,,,,,,,,,,,,,,,,,,,,,,,,,,,,,,,,,
Andorra,AND,Market capitalization of listed domestic companies (% of GDP),CM.MKT.LCAP.GD.ZS,,,,,,,,,,,,,,,,,,,,,,,,,,,,,,,,,,,,,,,,,,,,,,,,,,,,,,,,,,,,,,
Arab World,ARB,Market capitalization of listed domestic companies (% of GDP),CM.MKT.LCAP.GD.ZS,,,,,,,,,,,,,,,,,,,,,,,,,,,,,,,,,,,,,,,,,,,,,,,,,,,,35.32618893,34.83660257,45.8294887,48.12407282,49.25680697,49.27668555,50.11820377,47.64396015,139.0571326,156.3232907,
United Arab Emirates,ARE,Market capitalization of listed domestic companies (% of GDP),CM.MKT.LCAP.GD.ZS,,,,,,,,,,,,,,,,,,,,,,,,,,,,,,,,,,,,,,,,,,,,,,,,48.93258453,34.02944156,54.52392038,45.37489763,26.72817849,26.34561945,45.05658449,48.68300345,52.89956427,57.74128324,59.43505826,54.18049469,59.04900699,84.36472261,
Argentina,ARG,Market capitalization of listed domestic companies (% of GDP),CM.MKT.LCAP.GD.ZS,,,,,,,,,,,,,,,,,,1.466159452,3.09110069,6.237855196,5.138774874,1.774639091,1.153990039,1.333238997,1.480174949,2.302540941,1.434117268,1.276373515,2.022505643,4.172755007,2.557650808,9.824847958,8.139871742,18.60901869,14.32069608,14.64307396,16.42196989,20.23221072,15.16409613,19.6977247,16.12904122,12.42441526,16.95693922,27.42805088,24.65345574,23.94635989,22.03333915,19.8483842,11.02184322,13.73818636,15.08632035,8.220069461,6.273966253,9.619994839,11.42690327,9.438368633,11.40762993,16.89484261,8.762256112,8.798019984,,
Armenia,ARM,Market capitalization of listed domestic companies (% of GDP),CM.MKT.LCAP.GD.ZS,,,,,,,,,,,,,,,,,,,,,,,,,,,,,,,,,,,,,,,,,,,,,,,,,,,,,,,,,,,,,,
American Samoa,ASM,Market capitalization of listed domestic companies (% of GDP),CM.MKT.LCAP.GD.ZS,,,,,,,,,,,,,,,,,,,,,,,,,,,,,,,,,,,,,,,,,,,,,,,,,,,,,,,,,,,,,,
Antigua and Barbuda,ATG,Market capitalization of listed domestic companies (% of GDP),CM.MKT.LCAP.GD.ZS,,,,,,,,,,,,,,,,,,,,,,,,,,,,,,,,,,,,,,,,,,,,,,,,,,,,,,,,,,,,,,
Australia,AUS,Market capitalization of listed domestic companies (% of GDP),CM.MKT.LCAP.GD.ZS,,,,,,,,,,,,,,,,,,,,28.87001638,39.78314382,30.74173982,21.40093228,30.48283095,25.80599071,32.88431174,65.37986476,81.45703325,58.28567986,46.80357194,34.65777623,44.42588594,41.51766428,65.50393694,67.80012733,66.60993418,77.86411779,67.89619734,82.30190049,109.8733267,89.64607399,98.88565137,96.08328123,125.2475386,126.3827841,115.6309276,146.5233788,151.9515004,64.78247798,135.8898171,126.6304921,85.68238293,89.65550485,86.65155368,87.81387647,87.89202267,105.1352295,113.7161125,88.4135289,106.8502174,129.667255,
Austria,AUT,Market capitalization of listed domestic companies (% of GDP),CM.MKT.LCAP.GD.ZS,,,,,,,,,,,,,,,,3.245221523,3.491715154,2.890519089,28.12055558,2.813573238,2.383665501,2.22939002,2.118097382,2.118869191,2.185309205,6.63175373,6.721150808,6.393476344,7.522397896,18.22801786,15.81113457,13.94287213,10.1239951,13.78200361,14.15959694,12.70227269,13.4518324,17.30344458,1.191322798,15.19979732,15.17323576,12.76112934,15.66181622,21.55094652,29.11728915,39.9413338,57.32433482,60.75466495,17.65729851,28.39417288,32.12846231,19.75270789,25.9004176,27.35329552,21.86932914,25.15356994,30.56223194,36.10352637,25.67126719,29.93519588,30.34825154,
Azerbaijan,AZE,Market capitalization of listed domestic companies (% of GDP),CM.MKT.LCAP.GD.ZS,,,,,,,,,,,,,,,,,,,,,,,,,,,,,,,,,,,,,,,0.068370401,0.070283701,,,,,,,,,,,,,,,,,,,,,,
Burundi,BDI,Market capitalization of listed domestic companies (% of GDP),CM.MKT.LCAP.GD.ZS,,,,,,,,,,,,,,,,,,,,,,,,,,,,,,,,,,,,,,,,,,,,,,,,,,,,,,,,,,,,,,
Belgium,BEL,Market capitalization of listed domestic companies (% of GDP),CM.MKT.LCAP.GD.ZS,,,,,,,,,,,,,,,,13.70333154,13.21830507,12.42315517,12.35317444,11.80787178,7.910702702,7.991195,9.300270223,12.36348464,14.80756997,24.1935203,31.10914621,27.87794513,36.22081002,45.59467683,31.87480292,33.78141769,27.3040501,34.69878378,34.35296937,35.2129443,42.55063043,54.18674998,94.39498987,71.30244039,77.0634841,70.05098325,49.36712714,54.56213544,74.00772797,74.79129353,97.03818263,81.87190491,32.32346047,53.75402749,55.81940866,43.81952015,60.36791322,71.73860397,70.70091868,89.66568929,79.4316038,87.07721613,59.1006984,,,
Benin,BEN,Market capitalization of listed domestic companies (% of GDP),CM.MKT.LCAP.GD.ZS,,,,,,,,,,,,,,,,,,,,,,,,,,,,,,,,,,,,,,,,,,,,,,,,,,,,,,,,,,,,,,
Burkina Faso,BFA,Market capitalization of listed domestic companies (% of GDP),CM.MKT.LCAP.GD.ZS,,,,,,,,,,,,,,,,,,,,,,,,,,,,,,,,,,,,,,,,,,,,,,,,,,,,,,,,,,,,,,
Bangladesh,BGD,Market capitalization of listed domestic companies (% of GDP),CM.MKT.LCAP.GD.ZS,,,,,,,,,,,,,,,,,,,,,,,,,,,,,,,,,,1.399302695,3.020255981,5.077049961,15.89524323,5.742252402,4.060333874,3.045782412,4.107529953,1.811958934,27.21299215,,,4.751541126,5.361123816,10.96916578,12.79156007,20.42289329,36.10097419,37.08045269,,34.1078713,39.597264,33.56843528,26.54969864,29.33698279,24.08075647,18.33982172,24.00993513,
Bulgaria,BGR,Market capitalization of listed domestic companies (% of GDP),CM.MKT.LCAP.GD.ZS,,,,,,,,,,,,,,,,,,,,,,,,,,,,,,,,,,0.11080629,0.498070776,0.306269377,0.045549917,,0.960168417,0.752091819,0.974570548,0.57954674,4.399480321,8.300408896,10.71932674,17.02625344,30.03207503,48.76499853,16.29991845,16.6331929,14.55418317,14.30912222,,,,,,,,23.21679867,25.21416665,
Bahrain,BHR,Market capitalization of listed domestic companies (% of GDP),CM.MKT.LCAP.GD.ZS,,,,,,,,,,,,,,,,,,,,,,,,,,,,,,,,,,,,,77.21397887,123.3729769,109.4675704,108.1230748,73.09305827,73.5222293,78.01169507,86.92507294,102.9709938,108.7426938,114.1457078,124.6587667,77.58323006,70.89752979,78.01313876,57.65084288,,,66.09476413,61.99895092,60.16508412,61.18936883,57.83476251,69.54714713,70.86898218,
"Bahamas, The",BHS,Market capitalization of listed domestic companies (% of GDP),CM.MKT.LCAP.GD.ZS,,,,,,,,,,,,,,,,,,,,,,,,,,,,,,,,,,,,,,,,,,,,,,,,,,,,,,,,,,,,,,
Bosnia and Herzegovina,BIH,Market capitalization of listed domestic companies (% of GDP),CM.MKT.LCAP.GD.ZS,,,,,,,,,,,,,,,,,,,,,,,,,,,,,,,,,,,,,,,,,,,,,,,,,,,,,,,,,,,,,,
Belarus,BLR,Market capitalization of listed domestic companies (% of GDP),CM.MKT.LCAP.GD.ZS,,,,,,,,,,,,,,,,,,,,,,,,,,,,,,,,,,,,,,,,,,,,,,,,,,,,,,,0.72932622,0.945908267,2.59572718,,,,,
Belize,BLZ,Market capitalization of listed domestic companies (% of GDP),CM.MKT.LCAP.GD.ZS,,,,,,,,,,,,,,,,,,,,,,,,,,,,,,,,,,,,,,,,,,,,,,,,,,,,,,,,,,,,,,
Bermuda,BMU,Market capitalization of listed domestic companies (% of GDP),CM.MKT.LCAP.GD.ZS,,,,,,,,,,,,,,,,,,,,,,,,,,,,,,,,,,,,,,,,,61.66278616,69.50174746,54.68314256,69.28658016,41.23885127,43.6466853,44.00276693,40.35924339,27.39727794,20.43554688,23.13578996,19.52162715,23.31226361,22.68876215,24.96855311,27.80056506,36.54581416,38.06594388,33.11939686,39.94495832,3.200164016,
Bolivia,BOL,Market capitalization of listed domestic companies (% of GDP),CM.MKT.LCAP.GD.ZS,,,,,,,,,,,,,,,,,,,,,,,,,,,,,,,,,,,,,,,,,,,,,,,,,,,,,,,,,,,,,,
Brazil,BRA,Market capitalization of listed domestic companies (% of GDP),CM.MKT.LCAP.GD.ZS,,,,,,,,,,,,,,,,,,,,,,,,,,,,,,,,,,,,,,,,,34.503461,33.25723504,24.86549847,42.0185894,49.35748601,53.23360426,64.1225727,98.04069955,34.90723993,80.21786503,69.97082255,46.974065,49.79119987,41.26708486,34.36060222,27.2184107,42.24307215,46.26660825,47.82732038,63.38428952,68.23150827,
Barbados,BRB,Market capitalization of listed domestic companies (% of GDP),CM.MKT.LCAP.GD.ZS,,,,,,,,,,,,,,,,,,,,,,,,,,,,,,,,,,15.84322819,23.94316224,22.17527037,32.39656841,45.42936318,62.24487181,68.97502149,55.77806831,60.15059748,,,,,,,,,48.26897591,98.06386284,,85.20950235,57.14210458,62.41868252,64.07284538,67.26608854,69.47975737,63.82119547,59.51517616,
Brunei Darussalam,BRN,Market capitalization of listed domestic companies (% of GDP),CM.MKT.LCAP.GD.ZS,,,,,,,,,,,,,,,,,,,,,,,,,,,,,,,,,,,,,,,,,,,,,,,,,,,,,,,,,,,,,,
Bhutan,BTN,Market capitalization of listed domestic companies (% of GDP),CM.MKT.LCAP.GD.ZS,,,,,,,,,,,,,,,,,,,,,,,,,,,,,,,,,,,,,,,,,,,,,,,,,,,,,,,,,,,,,,
Botswana,BWA,Market capitalization of listed domestic companies (% of GDP),CM.MKT.LCAP.GD.ZS,,,,,,,,,,,,,,,,,,,,,,,,,,,,,,,,,,5.495078373,6.228677698,8.404411066,6.773860191,12.21441773,15.11253983,19.18181296,16.88932846,,,,,,,,,,,,,,,,,,,,,
Central African Republic,CAF,Market capitalization of listed domestic companies (% of GDP),CM.MKT.LCAP.GD.ZS,,,,,,,,,,,,,,,,,,,,,,,,,,,,,,,,,,,,,,,,,,,,,,,,,,,,,,,,,,,,,,
Canada,CAN,Market capitalization of listed domestic companies (% of GDP),CM.MKT.LCAP.GD.ZS,,,,,,,,,,,,,,,,,,82.19842019,82.18820529,98.30180734,104.3282336,,66.05696642,75.65289417,69.40107062,80.29470083,89.25856561,94.03781964,88.06594621,96.16690327,77.2277822,83.33765565,77.30577598,103.178539,99.5809125,111.2098728,139.9733778,154.2789873,170.6510615,213.4805503,103.5001416,83.25860479,116.831457,101.6403458,114.6906726,126.3467476,128.9133218,148.8643634,66.55883269,122.028302,134.24452,106.6661219,112.667433,114.4711752,116.0415795,102.3700787,130.4665966,143.5220535,112.3207512,138.2937849,160.5334322,
Central Europe and the Baltics,CEB,Market capitalization of listed domestic companies (% of GDP),CM.MKT.LCAP.GD.ZS,,,,,,,,,,,,,,,,,,,,,,,,,,,,,,,,,,,,5.891689847,9.190658227,10.34564287,10.09613466,12.8319271,13.43092379,10.94374748,13.96783662,14.97371721,22.80434926,24.79404555,34.33368902,41.325406,15.33384143,24.65204648,27.1413419,18.87789364,,27.02720268,21.90792907,22.71791346,23.23961084,29.06450155,21.46189051,19.54962247,21.31793077,
Switzerland,CHE,Market capitalization of listed domestic companies (% of GDP),CM.MKT.LCAP.GD.ZS,,,,,,,,,,,,,,,,,,,,,34.83664146,34.13515645,33.65082801,38.42140588,36.58451607,75.7200175,80.7971218,65.04688302,65.05689218,82.06988845,59.3138396,70.53785987,69.35449812,99.50106178,94.55888106,112.8292574,117.6948015,195.1704214,227.1144034,227.6911822,283.7644884,184.0152775,198.0809319,200.8154681,205.2665534,224.4158794,274.5559568,259.7413786,155.188516,192.1078541,205.2858692,152.1912893,179.6915215,218.1568411,205.81368,218.8854131,204.0071044,242.5913477,198.6249456,254.3016089,270.5184519,
Channel Islands,CHI,Market capitalization of listed domestic companies (% of GDP),CM.MKT.LCAP.GD.ZS,,,,,,,,,,,,,,,,,,,,,,,,,,,,,,,,,,,,,,,2.676839137,3.949432735,3.961236771,7.285053938,3.989533309,3.100548272,2.154558519,6.087252408,15.29224111,,,,,,,,,,,,,,,
Chile,CHL,Market capitalization of listed domestic companies (% of GDP),CM.MKT.LCAP.GD.ZS,,,,,,,,,,,,,,,,,,,,,,,,,,,,,,,,74.37175474,70.17790037,90.94406736,119.3689348,99.29290118,83.96031317,84.03954797,63.25504899,90.25269436,77.18959686,78.73604455,70.88281708,113.0945628,118.0108786,111.5917048,113.3767039,123.3791211,73.36383351,134.606402,157.4345219,107.5885099,117.2730408,95.63937209,89.91549444,78.49675453,85.23100079,106.6255896,84.8806056,73.15248317,73.02317463,
China,CHN,Market capitalization of listed domestic companies (% of GDP),CM.MKT.LCAP.GD.ZS,,,,,,,,,,,,,,,,,,,,,,,,,,,,,,,,,,,,,,,,,,,,30.89697574,22.8972279,17.57910087,41.62064045,126.1530748,38.71713465,70.0384246,66.169408,45.18450949,43.33422852,41.26411557,57.32273223,74.02232996,65.17010737,70.76342433,45.51970357,59.63264461,83.16133439,
Cote d'Ivoire,CIV,Market capitalization of listed domestic companies (% of GDP),CM.MKT.LCAP.GD.ZS,,,,,,,,,,,,,,,,,,,,,,,,,,,,,,,,,,3.008394316,0.234917484,0.568083326,0.34358625,,9.303171234,6.854011537,2.632056233,5.854839776,7.281943257,7.764582159,8.858395906,9.703449067,16.43602657,28.87741107,20.79857788,18.07289949,20.48905841,17.13536057,,27.6398137,23.97559106,27.26864285,25.77682976,24.2026471,14.57179655,13.83705086,11.95038266,
Cameroon,CMR,Market capitalization of listed domestic companies (% of GDP),CM.MKT.LCAP.GD.ZS,,,,,,,,,,,,,,,,,,,,,,,,,,,,,,,,,,,,,,,,,,,,,,,,,,,,,,,,,,,,,,
"Congo, Dem. Rep.",COD,Market capitalization of listed domestic companies (% of GDP),CM.MKT.LCAP.GD.ZS,,,,,,,,,,,,,,,,,,,,,,,,,,,,,,,,,,,,,,,,,,,,,,,,,,,,,,,,,,,,,,
"Congo, Rep.",COG,Market capitalization of listed domestic companies (% of GDP),CM.MKT.LCAP.GD.ZS,,,,,,,,,,,,,,,,,,,,,,,,,,,,,,,,,,,,,,,,,,,,,,,,,,,,,,,,,,,,,,
Colombia,COL,Market capitalization of listed domestic companies (% of GDP),CM.MKT.LCAP.GD.ZS,,,,,,,,,,,,,,,,,,,,,,,,,,,,,,,,,,,,,,,,,,,,,,34.68005072,34.77590246,49.44953363,36.21838422,60.46524477,72.75945164,60.09828619,70.66222601,53.04493553,38.50459641,29.28817519,36.70772175,38.9495245,31.073888,40.86548478,39.33229964,
Comoros,COM,Market capitalization of listed domestic companies (% of GDP),CM.MKT.LCAP.GD.ZS,,,,,,,,,,,,,,,,,,,,,,,,,,,,,,,,,,,,,,,,,,,,,,,,,,,,,,,,,,,,,,
Cabo Verde,CPV,Market capitalization of listed domestic companies (% of GDP),CM.MKT.LCAP.GD.ZS,,,,,,,,,,,,,,,,,,,,,,,,,,,,,,,,,,,,,,,,,,,,,,,,,,,,,,,,,,,,,,
Costa Rica,CRI,Market capitalization of listed domestic companies (% of GDP),CM.MKT.LCAP.GD.ZS,,,,,,,,,,,,,,,,,,,,,,,,,,,,,,,,,,3.725398959,,5.327589742,6.701332012,6.520142095,9.560549036,16.19341742,,,,3.013531827,8.373187493,7.535886146,8.275435993,8.115470777,6.185785927,4.776210743,3.836890994,3.504041853,,3.827247391,4.90491376,4.169808713,4.958280294,4.975143485,3.846705622,3.442145606,3.058785565,
Caribbean small states,CSS,Market capitalization of listed domestic companies (% of GDP),CM.MKT.LCAP.GD.ZS,,,,,,,,,,,,,,,,,,,,,,,,,,,,,,,,,,,,,,,,,,,,,,,,,,,,,,,,,,,,,,
Cuba,CUB,Market capitalization of listed domestic companies (% of GDP),CM.MKT.LCAP.GD.ZS,,,,,,,,,,,,,,,,,,,,,,,,,,,,,,,,,,,,,,,,,,,,,,,,,,,,,,,,,,,,,,
Curacao,CUW,Market capitalization of listed domestic companies (% of GDP),CM.MKT.LCAP.GD.ZS,,,,,,,,,,,,,,,,,,,,,,,,,,,,,,,,,,,,,,,,,,,,,,,,,,,,,,,,,,,,,,
Cayman Islands,CYM,Market capitalization of listed domestic companies (% of GDP),CM.MKT.LCAP.GD.ZS,,,,,,,,,,,,,,,,,,,,,,,,,,,,,,,,,,,,,,,,,,,,,,,3.761511185,3.694218263,3.466987425,3.946874864,5.725295382,54.36641957,46.75450145,,,6.703641177,,,7.91718101,6.377459703,11.48727475,
Cyprus,CYP,Market capitalization of listed domestic companies (% of GDP),CM.MKT.LCAP.GD.ZS,,,,,,,,,,,,,,,,,,,,,,,,,,,,,,,,,,,,,,,,,,,,,,,80.49714533,71.97409086,28.68743527,39.57878181,26.48928035,10.3223756,7.967492105,8.783929183,17.3549653,13.52340297,11.93205108,12.29976252,12.94510281,16.51552056,18.76629783,
Czechia,CZE,Market capitalization of listed domestic companies (% of GDP),CM.MKT.LCAP.GD.ZS,,,,,,,,,,,,,,,,,,,,,,,,,,,,,,,,,,4.259697811,12.71488836,15.27198932,21.14344496,17.39640121,15.61321854,16.2381795,15.76330102,12.0193724,12.47794281,15.49371321,22.4441739,25.43789337,28.39560157,36.23504719,17.2759721,,,,,,,,,,,10.41904163,10.81965556,
Germany,DEU,Market capitalization of listed domestic companies (% of GDP),CM.MKT.LCAP.GD.ZS,,,,,,,,,,,,,,,,10.47625038,10.27404184,10.84118585,11.30250542,9.008949287,7.546707359,7.818309156,8.879110481,10.75271904,10.80774621,24.33793027,24.62842926,16.82849338,17.90330371,26.10321373,20.05511963,19.82991264,15.42017566,21.32434495,22.63832924,22.32869692,26.62067257,37.30726136,48.87257832,65.24841388,65.20815777,55.08036292,33.00546789,43.13274781,42.44373115,42.22668139,54.68353352,61.45525178,29.6529057,37.88497067,42.05466904,31.59244189,42.13933857,51.85344285,44.70294326,51.10220955,49.45573417,61.29273987,44.16147453,53.96224167,58.72244917,
Djibouti,DJI,Market capitalization of listed domestic companies (% of GDP),CM.MKT.LCAP.GD.ZS,,,,,,,,,,,,,,,,,,,,,,,,,,,,,,,,,,,,,,,,,,,,,,,,,,,,,,,,,,,,,,
Dominica,DMA,Market capitalization of listed domestic companies (% of GDP),CM.MKT.LCAP.GD.ZS,,,,,,,,,,,,,,,,,,,,,,,,,,,,,,,,,,,,,,,,,,,,,,,,,,,,,,,,,,,,,,
Denmark,DNK,Market capitalization of listed domestic companies (% of GDP),CM.MKT.LCAP.GD.ZS,,,,,,,,,,,,,,,,10.1298336,10.76824206,9.601393013,8.506064637,7.375312159,7.793171085,9.975400882,9.17904136,17.40792797,12.8382871,24.09300182,19.71163079,18.59017236,23.26546752,35.78351422,28.2555276,32.17281387,21.24615698,27.88729714,30.09900847,30.38910744,37.88216764,54.03600982,55.86439857,54.75935541,68.11616647,51.6686417,42.96459241,55.77403589,60.20927793,,,,,,,,,,,,,,,,,
Dominican Republic,DOM,Market capitalization of listed domestic companies (% of GDP),CM.MKT.LCAP.GD.ZS,,,,,,,,,,,,,,,,,,,,,,,,,,,,,,,,,,,,,,,,,,,,,,,,,,,,,,,,,,,,,,
Algeria,DZA,Market capitalization of listed domestic companies (% of GDP),CM.MKT.LCAP.GD.ZS,,,,,,,,,,,,,,,,,,,,,,,,,,,,,,,,,,,,,,,,0.568739157,0.520704439,0.345522739,0.242866028,0.210236547,0.16300012,0.137335876,0.080576863,0.071614616,0.053400045,0.065634668,0.065389398,0.098392687,0.079793592,0.08430496,0.07870952,0.086769703,0.258807008,0.207613279,0.212347351,,,
East Asia & Pacific (excluding high income),EAP,Market capitalization of listed domestic companies (% of GDP),CM.MKT.LCAP.GD.ZS,,,,,,,,,,,,,,,,,,,,,,,,,,,,,,,,,,,,,,,,,,,,38.8594864,32.59834433,27.63100615,47.72074081,115.7282118,37.93597172,68.41463933,67.6193223,48.96131362,49.41766769,46.1112008,60.27204147,72.55901118,65.69965084,72.30800231,49.21882676,61.32461229,81.8254569,
Early-demographic dividend,EAR,Market capitalization of listed domestic companies (% of GDP),CM.MKT.LCAP.GD.ZS,,,,,,,,,,,,,,,,,,,,,,,,,,,,,,,,,,,,,,34.00039199,24.7594264,38.37766017,30.57971815,23.50480898,25.35727997,36.37262528,44.96338799,51.59435677,61.65178211,83.29534042,37.29201304,64.10180399,66.81376313,47.71182046,54.98211094,54.94096396,57.41395633,54.48478845,55.60385369,66.58868469,57.574363,82.2797022,105.5829679,
East Asia & Pacific,EAS,Market capitalization of listed domestic companies (% of GDP),CM.MKT.LCAP.GD.ZS,,,,,,,,,,,,,,,,,,,4.567061598,28.65650058,37.17452948,36.75218054,34.45369575,41.73337188,44.54584571,61.04439282,81.09736028,100.1747005,113.1500108,123.9032702,82.27061096,76.77687094,57.51947703,74.42639897,76.47484086,67.36944341,69.23735585,51.24211669,65.09352102,101.9655073,69.75522638,62.90640914,59.84367981,70.35389542,74.78336947,85.60480471,101.8098737,132.0632489,60.42373556,91.95549236,94.79029474,70.62811742,75.13369713,81.97177355,89.25664633,99.21489457,93.86508412,110.2799604,82.86335815,99.57860078,124.4042501,
Europe & Central Asia (excluding high income),ECA,Market capitalization of listed domestic companies (% of GDP),CM.MKT.LCAP.GD.ZS,,,,,,,,,,,,,,,,,,,,,,,,,,,,,,,,,,,,,,,,,,,,,,,,,,50.09987729,49.63391738,31.10775666,35.37987332,27.59238269,18.69164792,24.34863389,34.62788448,33.24713823,27.92394352,38.37271546,40.60122761,
Europe & Central Asia,ECS,Market capitalization of listed domestic companies (% of GDP),CM.MKT.LCAP.GD.ZS,,,,,,,,,,,,,,,,14.263584,13.33061386,13.50943078,14.10017367,8.304507961,8.392072357,12.99813571,13.3487012,16.53012274,20.4848192,29.75081714,33.50937653,30.93011273,32.29869274,40.86305323,31.23146038,34.46273014,29.07451331,39.41577861,40.2646473,40.5214329,48.58237225,63.18705913,61.51450653,94.40400941,95.64916065,76.38326459,59.05924466,66.87143835,68.57169029,71.94041867,89.12896762,88.91159854,41.31939846,63.78850785,63.25741949,50.78178341,61.00852412,68.8723431,60.4109913,62.27215576,63.25574782,74.02087666,,,,
Ecuador,ECU,Market capitalization of listed domestic companies (% of GDP),CM.MKT.LCAP.GD.ZS,,,,,,,,,,,,,,,,,,,,,,,,,,,,,,,,,,,,10.50060219,7.968241771,7.177388659,5.560738083,2.657127797,4.075783407,,,,,,,,,,,,,,,,,,,,,
"Egypt, Arab Rep.",EGY,Market capitalization of listed domestic companies (% of GDP),CM.MKT.LCAP.GD.ZS,,,,,,,,,,,,,,,,,,,,,,,,,,,,,,,,,,,,,,,,,,,,,,,87.0332362,106.7740791,52.80618481,48.22034575,38.48544118,20.69991851,21.20330925,21.36697713,22.93347608,16.7569735,10.02371513,19.74520438,16.82153116,14.58351715,11.32125389,
Euro area,EMU,Market capitalization of listed domestic companies (% of GDP),CM.MKT.LCAP.GD.ZS,,,,,,,,,,,,,,,,11.41085981,11.04869581,8.761082914,10.47537512,8.570133129,7.614153306,7.294397107,7.184622789,8.840937189,11.31119875,18.80712266,23.19159754,18.34563596,20.9908011,28.97691764,20.91716813,22.89884672,18.33447913,25.41649798,27.41884714,27.41015321,32.60659168,43.58895262,39.74515736,75.30887216,79.89739328,63.89373295,47.10573013,54.62631167,57.2479233,59.72917858,76.83029431,80.30550696,36.24949979,52.93599218,52.3036767,40.69686493,49.93342778,60.115667,53.36938216,64.9482483,63.82009966,77.42193503,54.53808469,,,
Eritrea,ERI,Market capitalization of listed domestic companies (% of GDP),CM.MKT.LCAP.GD.ZS,,,,,,,,,,,,,,,,,,,,,,,,,,,,,,,,,,,,,,,,,,,,,,,,,,,,,,,,,,,,,,
Spain,ESP,Market capitalization of listed domestic companies (% of GDP),CM.MKT.LCAP.GD.ZS,,,,,,,,,,,,,,,,28.92554831,20.25193666,,11.17116744,8.102992319,7.116473813,8.223491638,5.698124965,6.352965591,7.688580031,10.79086024,19.4675516,22.30297111,24.16628055,29.57202245,20.77107362,25.61115092,18.42148505,22.60013641,29.21128062,31.00679027,37.5089136,49.21100056,64.94719078,67.86816047,84.26641618,74.57483205,65.12240306,80.02756516,87.99100943,83.20163173,104.9600423,122.1052123,58.11468262,96.1828034,82.3864865,69.62789505,75.11514588,82.36779919,72.37926409,65.81011597,57.11551941,67.68252356,50.90311513,57.18097772,59.45159311,
Estonia,EST,Market capitalization of listed domestic companies (% of GDP),CM.MKT.LCAP.GD.ZS,,,,,,,,,,,,,,,,,,,,,,,,,,,,,,,,,,,,,,,,,,,,,,,,,,,,,,,,,,,,,,
Ethiopia,ETH,Market capitalization of listed domestic companies (% of GDP),CM.MKT.LCAP.GD.ZS,,,,,,,,,,,,,,,,,,,,,,,,,,,,,,,,,,,,,,,,,,,,,,,,,,,,,,,,,,,,,,
European Union,EUU,Market capitalization of listed domestic companies (% of GDP),CM.MKT.LCAP.GD.ZS,,,,,,,,,,,,,,,,10.9014026,10.50913701,8.745753377,10.38924869,8.542483147,7.688458842,7.658458877,7.64090021,9.896278242,11.90720509,19.58680231,23.92784988,19.21425326,22.24667465,30.30954897,21.70658133,23.65620162,18.77882116,26.02990547,28.18689334,28.08143763,33.79817579,44.74294776,41.10425301,74.54382323,78.46034417,62.31819094,45.89250027,53.69185604,55.44257983,57.53243852,73.98695801,77.46689315,34.53014331,51.25685261,50.79223083,39.3143152,49.05474561,58.14235196,51.41508152,61.56499812,60.63898435,73.45643342,51.47415294,,,
Fragile and conflict affected situations,FCS,Market capitalization of listed domestic companies (% of GDP),CM.MKT.LCAP.GD.ZS,,,,,,,,,,,,,,,,,,,,,,,,,,,,,,,,,,,,,,,,,,,,,,,,,,,,,,,,,,,,,,
Finland,FIN,Market capitalization of listed domestic companies (% of GDP),CM.MKT.LCAP.GD.ZS,,,,,,,,,,,,,,,,,,,,,,,5.226375675,8.109562456,78.79023395,10.47833473,15.90056229,21.81904488,28.01162911,25.87080782,16.06445545,11.11291492,10.62252945,26.36870867,37.00921691,21.55039117,31.45087392,39.91232452,72.15697168,30.16630054,26.30234891,15.74233061,10.8810361,10.93099404,10.30199883,,,,,,,,,,,,,,,,,
Fiji,FJI,Market capitalization of listed domestic companies (% of GDP),CM.MKT.LCAP.GD.ZS,,,,,,,,,,,,,,,,,,,,,,,,,,,,,,,,,,,,,,,,,,,,,,,,,,,,,,,,,,,,,,
France,FRA,Market capitalization of listed domestic companies (% of GDP),CM.MKT.LCAP.GD.ZS,,,,,,,,,,,,,,,,9.78292718,7.359218081,6.807208481,8.956316762,8.999722832,7.787965474,6.194030308,5.068743151,6.812248535,7.736850372,14.29950044,19.90241152,16.65413142,21.87694036,32.9840584,24.55816859,28.22028198,23.35839884,34.47117993,32.46243756,31.22510757,36.4903401,46.41831859,10.05587194,100.6563333,105.9308807,85.26525185,64.40715444,73.51002512,73.55563658,80.04356158,104.6418387,102.9974527,50.24758456,72.05724918,72.26387974,54.2363527,67.37741798,81.83449308,73.03647536,85.61524406,87.30601392,105.9404457,84.77200972,,,
Faroe Islands,FRO,Market capitalization of listed domestic companies (% of GDP),CM.MKT.LCAP.GD.ZS,,,,,,,,,,,,,,,,,,,,,,,,,,,,,,,,,,,,,,,,,,,,,,,,,,,,,,,,,,,,,,
"Micronesia, Fed. Sts.",FSM,Market capitalization of listed domestic companies (% of GDP),CM.MKT.LCAP.GD.ZS,,,,,,,,,,,,,,,,,,,,,,,,,,,,,,,,,,,,,,,,,,,,,,,,,,,,,,,,,,,,,,
Gabon,GAB,Market capitalization of listed domestic companies (% of GDP),CM.MKT.LCAP.GD.ZS,,,,,,,,,,,,,,,,,,,,,,,,,,,,,,,,,,,,,,,,,,,,,,,,,,,,,,,,,,,,,,
United Kingdom,GBR,Market capitalization of listed domestic companies (% of GDP),CM.MKT.LCAP.GD.ZS,,,,,,,,,,,,,,,,35.49184461,29.96227382,43.89182534,38.53361395,6.855621075,6.367971638,35.0545659,38.10341185,46.12513352,51.22643324,72.24322252,78.62569522,91.21654555,78.17925153,87.85564671,77.74164721,86.62235688,80.94560981,108.3753168,100.249025,98.79303568,120.3717448,132.4264466,138.8257341,174.9146619,154.6696094,130.3787845,103.9393464,117.952327,116.2185769,120.173525,139.5380714,124.3674212,63.7268224,115.6684341,107.8463347,109.9699057,121.6269554,141.6524846,116.497011,,,,,,,
Georgia,GEO,Market capitalization of listed domestic companies (% of GDP),CM.MKT.LCAP.GD.ZS,,,,,,,,,,,,,,,,,,,,,,,,,,,,,,,,,,,,,,,,,,,,,,,,,,,,,,,,,,,,,,
Ghana,GHA,Market capitalization of listed domestic companies (% of GDP),CM.MKT.LCAP.GD.ZS,,,,,,,,,,,,,,,,,,,,,,,,,,,,,,,,,,2.046509646,34.88619404,25.80455513,23.91627479,16.39093627,18.54051295,11.91809444,10.03406684,5.268198378,5.675985428,8.385297554,5.404572482,5.677230703,3.718037169,9.671761705,9.918091868,9.317452088,9.155092167,7.876770479,,,,,,,,,13.20246651,
Gibraltar,GIB,Market capitalization of listed domestic companies (% of GDP),CM.MKT.LCAP.GD.ZS,,,,,,,,,,,,,,,,,,,,,,,,,,,,,,,,,,,,,,,,,,,,,,,,,,,,,,,,,,,,,,
Guinea,GIN,Market capitalization of listed domestic companies (% of GDP),CM.MKT.LCAP.GD.ZS,,,,,,,,,,,,,,,,,,,,,,,,,,,,,,,,,,,,,,,,,,,,,,,,,,,,,,,,,,,,,,
"Gambia, The",GMB,Market capitalization of listed domestic companies (% of GDP),CM.MKT.LCAP.GD.ZS,,,,,,,,,,,,,,,,,,,,,,,,,,,,,,,,,,,,,,,,,,,,,,,,,,,,,,,,,,,,,,
Guinea-Bissau,GNB,Market capitalization of listed domestic companies (% of GDP),CM.MKT.LCAP.GD.ZS,,,,,,,,,,,,,,,,,,,,,,,,,,,,,,,,,,,,,,,,,,,,,,,,,,,,,,,,,,,,,,
Equatorial Guinea,GNQ,Market capitalization of listed domestic companies (% of GDP),CM.MKT.LCAP.GD.ZS,,,,,,,,,,,,,,,,,,,,,,,,,,,,,,,,,,,,,,,,,,,,,,,,,,,,,,,,,,,,,,
Greece,GRC,Market capitalization of listed domestic companies (% of GDP),CM.MKT.LCAP.GD.ZS,,,,,,,,,,,,,,,,,,,,,,,,,,,,,,,,,,,,,,,,,,62.17626601,43.38744576,52.69733463,51.97533969,58.54583674,73.36810099,83.08512671,25.34357903,33.99623007,22.74679971,11.93617469,18.54178344,34.57161215,23.42423652,21.50389491,19.24069666,25.32222993,18.09523698,26.13990076,26.98775769,
Grenada,GRD,Market capitalization of listed domestic companies (% of GDP),CM.MKT.LCAP.GD.ZS,,,,,,,,,,,,,,,,,,,,,,,,,,,,,,,,,,,,,,,,,,,,,,,,,,,,,,,,,,,,,,
Greenland,GRL,Market capitalization of listed domestic companies (% of GDP),CM.MKT.LCAP.GD.ZS,,,,,,,,,,,,,,,,,,,,,,,,,,,,,,,,,,,,,,,,,,,,,,,,,,,,,,,,,,,,,,
Guatemala,GTM,Market capitalization of listed domestic companies (% of GDP),CM.MKT.LCAP.GD.ZS,,,,,,,,,,,,,,,,,,,,,,,,,,,,,,,,,,,,,,,,,,,,,,,,,,,,,,,,,,,,,,
Guam,GUM,Market capitalization of listed domestic companies (% of GDP),CM.MKT.LCAP.GD.ZS,,,,,,,,,,,,,,,,,,,,,,,,,,,,,,,,,,,,,,,,,,,,,,,,,,,,,,,,,,,,,,
Guyana,GUY,Market capitalization of listed domestic companies (% of GDP),CM.MKT.LCAP.GD.ZS,,,,,,,,,,,,,,,,,,,,,,,,,,,,,,,,,,,,,,,,,,,,,,,,,,,,,,,,,,,,,,
High income,HIC,Market capitalization of listed domestic companies (% of GDP),CM.MKT.LCAP.GD.ZS,,,,,,,,,,,,,,,,27.75400368,31.63440394,26.19839059,23.54588161,25.58494279,30.12602695,27.95660074,31.06465834,37.18477969,35.30220607,47.90477406,53.96600777,55.83727762,60.60445402,70.01620447,51.1898575,56.98219103,50.10086865,62.14166827,61.44805774,64.90371314,73.74638233,84.59093478,94.79223424,121.3787072,109.890103,96.00490984,77.85163039,92.49946769,98.15953787,103.41125,118.3070798,118.5145673,61.82285954,89.7891939,96.31395662,79.41055084,92.1398975,110.8827352,110.5194376,115.2977946,119.1528441,138.2774472,117.444237,140.2504169,168.9619718,
"Hong Kong SAR, China",HKG,Market capitalization of listed domestic companies (% of GDP),CM.MKT.LCAP.GD.ZS,,,,,,,,,,,,,,,,80.61327594,90.86422359,66.97639487,70.60111821,98.64389837,135.17298,125.520612,67.16154438,65.39642982,70.4762,96.90188457,131.084655,106.8174103,124.6201213,112.7562492,108.3942839,137.0069924,164.9369346,319.925309,198.4417368,209.9544868,281.2587971,233.051079,203.4308338,366.8736065,363.141147,298.7386283,278.3631301,442.7917181,509.4406253,581.0424864,886.1146768,1254.465315,605.9697276,1076.935958,1185.857008,908.6162847,1078.304795,1124.705202,1109.256064,1029.425587,995.2169019,1274.789075,1055.816242,1349.45627,1777.282774,
Honduras,HND,Market capitalization of listed domestic companies (% of GDP),CM.MKT.LCAP.GD.ZS,,,,,,,,,,,,,,,,,,,,,,,,,,,,,,,,,,,,,,,,,,,,,,,,,,,,,,,,,,,,,,
Heavily indebted poor countries (HIPC),HPC,Market capitalization of listed domestic companies (% of GDP),CM.MKT.LCAP.GD.ZS,,,,,,,,,,,,,,,,,,,,,,,,,,,,,,,,,,,,,,,,,,,,,,,,,,,,,,,,,,,,,,
Croatia,HRV,Market capitalization of listed domestic companies (% of GDP),CM.MKT.LCAP.GD.ZS,,,,,,,,,,,,,,,,,,,,,,,,,,,,,,,,,,,,3.940032689,12.42112313,17.61532024,11.38102662,10.61769683,12.58555624,13.44607961,29.94163363,17.49064015,26.08364125,28.18405657,56.96871397,115.7993075,38.23684544,42.03591705,42.187649,35.57638637,,36.39503311,34.29564283,36.65097528,38.51483763,40.41770154,32.91083077,36.03238659,38.67967914,
Haiti,HTI,Market capitalization of listed domestic companies (% of GDP),CM.MKT.LCAP.GD.ZS,,,,,,,,,,,,,,,,,,,,,,,,,,,,,,,,,,,,,,,,,,,,,,,,,,,,,,,,,,,,,,
Hungary,HUN,Market capitalization of listed domestic companies (% of GDP),CM.MKT.LCAP.GD.ZS,,,,,,,,,,,,,,,,,,,,,,,,,,,,,,,,,,,,,,,,,,,19.21178472,19.53789966,27.4660245,28.77425732,36.23926528,32.95292956,11.66293278,22.91660989,20.96337177,13.22577885,16.11636545,14.59078737,10.29063639,14.12987234,17.53626286,22.04833751,18.0205131,20.05415682,17.79518135,
IBRD only,IBD,Market capitalization of listed domestic companies (% of GDP),CM.MKT.LCAP.GD.ZS,,,,,,,,,,,,,,,,,,,,,,,,,,,,,,,,,,,,,,,,,,,,37.32108306,40.02324894,42.05802761,56.38590741,96.61269294,36.97146479,66.99447819,66.68818966,46.47397327,50.24621183,46.32527827,51.33642346,58.72454513,58.16451282,65.55211004,49.48999816,59.9619362,79.25357108,
IDA & IBRD total,IBT,Market capitalization of listed domestic companies (% of GDP),CM.MKT.LCAP.GD.ZS,,,,,,,,,,,,,,,,,,,,,,,,,,,,,,,,,,,,,,,,,,,,37.15664309,39.33392473,40.94869006,54.41697182,93.47775849,35.95748492,64.89441009,64.86266988,45.30619921,49.4969675,45.57342838,50.30906545,57.48344386,56.92964502,64.30479345,48.55384982,58.52555246,76.91207845,
IDA total,IDA,Market capitalization of listed domestic companies (% of GDP),CM.MKT.LCAP.GD.ZS,,,,,,,,,,,,,,,,,,,,,,,,,,,,,,,,,,,,,,,,,,,,,,,,,,,,,,,,,,,,,,
IDA blend,IDB,Market capitalization of listed domestic companies (% of GDP),CM.MKT.LCAP.GD.ZS,,,,,,,,,,,,,,,,,,,,,,,,,,,,,,,,,,18.82414263,20.60283933,17.69378845,22.080116,20.288194,13.68247508,9.60343618,,,,,26.24867586,25.07868834,23.63002868,38.31736722,16.77414129,17.9048995,18.88693905,13.6224919,,,,,,,,,,
Indonesia,IDN,Market capitalization of listed domestic companies (% of GDP),CM.MKT.LCAP.GD.ZS,,,,,,,,,,,,,,,,,,,,,,,,,,,,,,,,,,,,32.94131089,40.0216424,13.46472993,23.13136704,45.74575134,16.24793089,14.33362262,15.36689466,23.28171674,28.52029714,28.48445573,38.09588394,48.97842945,19.35614609,39.83495235,47.7275708,43.68649336,46.65394903,37.99064551,47.38662528,41.03725644,45.68924907,51.26792744,46.70240964,46.76274878,46.85852788,
IDA only,IDX,Market capitalization of listed domestic companies (% of GDP),CM.MKT.LCAP.GD.ZS,,,,,,,,,,,,,,,,,,,,,,,,,,,,,,,,,,,,,,,,,,,,,,,,,,,,,,,,,,,,,,
Isle of Man,IMN,Market capitalization of listed domestic companies (% of GDP),CM.MKT.LCAP.GD.ZS,,,,,,,,,,,,,,,,,,,,,,,,,,,,,,,,,,,,,,,,,,,,,,,,,,,,,,,,,,,,,,
India,IND,Market capitalization of listed domestic companies (% of GDP),CM.MKT.LCAP.GD.ZS,,,,,,,,,,,,,,,,,,,,,,,,,,,,,,,,,,,,,,,,,48.17481018,30.64669668,33.43813807,50.84668796,58.59764268,76.15231578,95.21515196,161.2395859,66.00307989,101.8945931,105.1829632,68.2701354,76.07723204,68.13424387,82.71716857,82.96155863,76.09808855,96.39882625,84.43839664,80.76575288,97.29269817,
Not classified,INX,Market capitalization of listed domestic companies (% of GDP),CM.MKT.LCAP.GD.ZS,,,,,,,,,,,,,,,,,,,,,,,,,,,,,,,,,,,,,,,,,,,,,,,,,,,,,,,,,,,,,,
Ireland,IRL,Market capitalization of listed domestic companies (% of GDP),CM.MKT.LCAP.GD.ZS,,,,,,,,,,,,,,,,,,,,,,,,,,,,,,,,,,,,,,59.02062265,77.24713489,69.54234739,81.71280569,68.86157624,46.60913524,51.66088635,58.69433997,53.84546957,70.32003446,53.28259921,17.96709541,25.9221419,27.20352454,45.35219643,48.30465281,71.37789134,55.35568537,43.87242805,40.06423983,43.56835101,28.55688232,,,
"Iran, Islamic Rep.",IRN,Market capitalization of listed domestic companies (% of GDP),CM.MKT.LCAP.GD.ZS,,,,,,,,,,,,,,,,3.669657448,4.555119475,4.732883614,6.412980095,,,,,,,,,,,,,,,2.018711731,3.901646701,9.501943134,14.13943858,13.32633557,13.51439712,19.17200452,24.35007222,5.817554147,9.143156214,17.9388548,22.41614936,16.09179771,13.63677372,12.54281729,11.81383377,14.21324754,17.79789742,17.10333594,14.12899577,70.16919143,25.33510202,21.90720481,22.05633416,21.85006432,43.27885876,113.0131863,508.2233831,
Iraq,IRQ,Market capitalization of listed domestic companies (% of GDP),CM.MKT.LCAP.GD.ZS,,,,,,,,,,,,,,,,,,,,,,,,,,,,,,,,,,,,,,,,,,,,,,,,,,,,,,,,,,,,,,
Iceland,ISL,Market capitalization of listed domestic companies (% of GDP),CM.MKT.LCAP.GD.ZS,,,,,,,,,,,,,,,,,,,,,,,,,,,,,,,,,,,,,,,,,,,,,,,,,,,,,,,,,,,,,,
Israel,ISR,Market capitalization of listed domestic companies (% of GDP),CM.MKT.LCAP.GD.ZS,,,,,,,,,,,,,,,,,,,,,,,,,,,,,,,,,,,,34.80569303,31.23882022,38.9772274,34.05340365,53.96914051,49.06277162,42.82362532,33.68883749,53.44181641,65.62419369,83.33872706,101.929334,127.7118557,48.83957727,89.03800705,95.49005801,58.8243784,61.7103986,68.28316017,63.79440412,80.38635576,66.43332969,64.49454544,49.76655613,58.9785219,63.41215138,
Italy,ITA,Market capitalization of listed domestic companies (% of GDP),CM.MKT.LCAP.GD.ZS,,,,,,,,,,,,,,,,4.743169428,,2.393632859,3.112642734,3.266526804,5.309542217,5.562373206,4.663628763,4.719392825,5.873955959,12.86257852,21.89950167,14.93665249,15.18789139,18.24311664,12.59419886,13.24268101,9.366989298,13.64369672,16.91847676,17.83683369,19.5512156,27.75349308,0.023167546,58.14541835,67.00783402,45.15896413,37.36582683,38.972687,43.70572047,42.94831049,52.65334588,48.46294685,21.67548754,29.81224887,25.04840322,18.80119836,23.08754509,28.73408594,27.16511692,,,,,,,
Jamaica,JAM,Market capitalization of listed domestic companies (% of GDP),CM.MKT.LCAP.GD.ZS,,,,,,,,,,,,,,,,,,,,,,,,,,,,,,,,,,27.05298671,33.32560373,21.14123851,26.2999814,27.27619946,24.27737007,28.41546551,39.42981208,51.31750734,62.11563808,,,,,,,,29.38113753,34.67621688,,23.4090195,21.13059679,41.57810016,45.95424968,63.50797728,76.64667221,99.60002858,84.71416112,
Jordan,JOR,Market capitalization of listed domestic companies (% of GDP),CM.MKT.LCAP.GD.ZS,,,,,,,,,,,,,,,,,,,,,,,,,,,,,,,,,,,,,,,,,,,,,,,,238.6757243,158.4219033,129.7041759,113.7489595,92.07046018,85.24689003,74.7782575,69.35276591,65.96107021,61.60035029,57.60504924,52.43160895,46.7537751,41.20577857,
Japan,JPN,Market capitalization of listed domestic companies (% of GDP),CM.MKT.LCAP.GD.ZS,,,,,,,,,,,,,,,,27.18843653,30.86194491,2.984485477,3.373889037,27.40479419,34.30591658,34.28604706,36.79141092,43.90234879,48.87902007,67.78664937,85.79506818,107.6421364,123.353645,139.4599746,93.47922715,83.85449627,57.68621165,65.24932244,71.86116012,63.93049877,61.3344218,46.41945903,59.52496065,96.10364912,63.54657004,51.76404889,49.47108015,65.34036997,72.70774749,94.64829205,100.2695918,94.5667556,61.01428462,62.50281409,66.46512413,53.35006006,55.46285383,87.1619933,89.40166166,110.123633,99.03315164,126.2021994,105.1406149,120.8410859,133.2951571,
Kazakhstan,KAZ,Market capitalization of listed domestic companies (% of GDP),CM.MKT.LCAP.GD.ZS,,,,,,,,,,,,,,,,,,,,,,,,,,,,,,,,,,,,,,,7.651459233,,,,5.233840525,7.867690298,9.134946807,18.43134323,53.93364805,39.46356191,17.43969487,24.22139822,18.01635106,11.70000445,11.31863557,11.08384628,10.37571102,18.9230309,29.25532215,27.31214972,20.63413129,24.7553562,26.42142933,
Kenya,KEN,Market capitalization of listed domestic companies (% of GDP),CM.MKT.LCAP.GD.ZS,,,,,,,,,,,,,,,,,,,,,,,,,,,,,,,,,,18.4829421,42.62224451,22.30198189,14.93475961,13.82320278,14.8188603,,9.880792722,8.049433253,10.8862023,28.06370591,24.17451699,34.06993723,44.0573428,41.7564882,30.23834416,25.89733291,31.84821688,21.76814195,,,,,,,,24.96671795,21.25664539,
Kyrgyz Republic,KGZ,Market capitalization of listed domestic companies (% of GDP),CM.MKT.LCAP.GD.ZS,,,,,,,,,,,,,,,,,,,,,,,,,,,,,,,,,,,,,,,,,,,,,,,,,,,,,,,,,,,,,,
Cambodia,KHM,Market capitalization of listed domestic companies (% of GDP),CM.MKT.LCAP.GD.ZS,,,,,,,,,,,,,,,,,,,,,,,,,,,,,,,,,,,,,,,,,,,,,,,,,,,,,,,,,,,,,,
Kiribati,KIR,Market capitalization of listed domestic companies (% of GDP),CM.MKT.LCAP.GD.ZS,,,,,,,,,,,,,,,,,,,,,,,,,,,,,,,,,,,,,,,,,,,,,,,,,,,,,,,,,,,,,,
St. Kitts and Nevis,KNA,Market capitalization of listed domestic companies (% of GDP),CM.MKT.LCAP.GD.ZS,,,,,,,,,,,,,,,,,,,,,,,,,,,,,,,,,,,,,,,,,,,,,,,,,,,,,,,,,,,,,,
"Korea, Rep.",KOR,Market capitalization of listed domestic companies (% of GDP),CM.MKT.LCAP.GD.ZS,,,,,,,,,,,,,,,,,,,,8.053128574,5.854494229,5.791959295,5.625043095,4.998612076,6.381258272,7.286375667,11.9175719,22.32750832,47.27087054,56.89515259,38.92508844,29.17478562,30.28226398,35.547726,41.36559802,32.11437914,22.80049184,7.350772443,29.8940943,61.5316061,29.72384854,42.71286847,39.9694438,46.88333488,54.00139638,76.80071529,79.22435276,95.7353611,44.95179454,88.41612826,95.44121919,79.48624343,92.2554737,90.06075817,81.70481531,83.99660478,83.62985712,109.1056282,81.96191573,89.91278314,132.3464403,
Kuwait,KWT,Market capitalization of listed domestic companies (% of GDP),CM.MKT.LCAP.GD.ZS,,,,,,,,,,,,,,,,,,,,,,,,,,,,,,,,,,43.85655716,40.06964797,47.69994188,60.11855853,97.69645264,87.76131284,66.45803863,51.60019464,64.87567773,82.49146556,127.3099479,122.6527177,128.3688347,105.4301686,,,,,,,,,83.89260425,,,,86.74355384,100.0251173,
Latin America & Caribbean (excluding high income),LAC,Market capitalization of listed domestic companies (% of GDP),CM.MKT.LCAP.GD.ZS,,,,,,,,,,,,,,,,,,,,,,,,,,,,,,,,,,,,,,,,,23.81758563,21.88659178,18.3331666,27.27637701,33.02678941,37.90412609,46.66445701,65.02843537,27.89648859,59.33873789,57.0262106,40.2981109,45.04925426,38.16934822,32.66325877,26.67361349,34.35882929,38.38451131,36.27610698,44.75339596,51.66745855,
Lao PDR,LAO,Market capitalization of listed domestic companies (% of GDP),CM.MKT.LCAP.GD.ZS,,,,,,,,,,,,,,,,,,,,,,,,,,,,,,,,,,,,,,,,,,,,,,,,,,,,,,,,,,,,,,
Lebanon,LBN,Market capitalization of listed domestic companies (% of GDP),CM.MKT.LCAP.GD.ZS,,,,,,,,,,,,,,,,,,,,,,,,,,,,,,,,,,,,,17.50154831,17.03924948,13.86313669,10.87541757,9.004792275,6.957605142,6.925822163,7.05943204,10.42678608,22.37412063,36.97982698,43.28254054,32.9118363,36.29935422,33.02825071,22.65913156,20.62530693,22.75639194,23.55359113,22.79411363,23.70120792,21.6712665,17.62279104,14.88978334,21.13629822,
Liberia,LBR,Market capitalization of listed domestic companies (% of GDP),CM.MKT.LCAP.GD.ZS,,,,,,,,,,,,,,,,,,,,,,,,,,,,,,,,,,,,,,,,,,,,,,,,,,,,,,,,,,,,,,
Libya,LBY,Market capitalization of listed domestic companies (% of GDP),CM.MKT.LCAP.GD.ZS,,,,,,,,,,,,,,,,,,,,,,,,,,,,,,,,,,,,,,,,,,,,,,,,,,,,,,,,,,,,,,
St. Lucia,LCA,Market capitalization of listed domestic companies (% of GDP),CM.MKT.LCAP.GD.ZS,,,,,,,,,,,,,,,,,,,,,,,,,,,,,,,,,,,,,,,,,,,,,,,,,,,,,,,,,,,,,,
Latin America & Caribbean,LCN,Market capitalization of listed domestic companies (% of GDP),CM.MKT.LCAP.GD.ZS,,,,,,,,,,,,,,,,,,,,,,,,,,,,,,,,,,,,,,,,,25.06561938,23.11771432,19.85148033,31.39576301,37.62266913,41.73195686,50.26384007,67.82000347,30.03464881,62.7308929,61.69886016,43.55783075,48.73200667,41.13969431,35.46038198,29.49977121,37.20002498,42.15297346,39.1839147,46.17624611,52.78773276,
Least developed countries: UN classification,LDC,Market capitalization of listed domestic companies (% of GDP),CM.MKT.LCAP.GD.ZS,,,,,,,,,,,,,,,,,,,,,,,,,,,,,,,,,,,,,,,,,,,,,,,,,,,,,,,,,,,,,,
Low income,LIC,Market capitalization of listed domestic companies (% of GDP),CM.MKT.LCAP.GD.ZS,,,,,,,,,,,,,,,,,,,,,,,,,,,,,,,,,,,,,,,,,,,,,,,,,,,,,,,,,,,,,,
Liechtenstein,LIE,Market capitalization of listed domestic companies (% of GDP),CM.MKT.LCAP.GD.ZS,,,,,,,,,,,,,,,,,,,,,,,,,,,,,,,,,,,,,,,,,,,,,,,,,,,,,,,,,,,,,,
Sri Lanka,LKA,Market capitalization of listed domestic companies (% of GDP),CM.MKT.LCAP.GD.ZS,,,,,,,,,,,,,,,,,,,,,,,,,,,,,,,,,,,,,,,,10.11750657,6.577381802,8.454290883,10.16180194,14.35813833,17.69870736,23.43701947,27.47136083,23.3481051,10.52701714,22.69436256,33.97879936,28.68789147,24.0946582,24.42390165,28.67507889,24.43490082,21.22292209,20.08929228,16.48257578,17.66055342,18.72533831,
Lower middle income,LMC,Market capitalization of listed domestic companies (% of GDP),CM.MKT.LCAP.GD.ZS,,,,,,,,,,,,,,,,,,,,,,,,,,,,,,,,,,,,,,,,,28.96435097,18.83500336,21.23912973,,37.98633285,43.67768828,54.01545215,86.68388426,34.61422457,54.45564884,58.16543659,40.94058425,47.22405361,46.48995186,50.25409764,49.70553557,48.15137381,61.4011015,55.49155801,58.79655655,79.25039857,
Low & middle income,LMY,Market capitalization of listed domestic companies (% of GDP),CM.MKT.LCAP.GD.ZS,,,,,,,,,,,,,,,,,,,,,,,,,,,,,,,,,,,,,,,,,,,,37.37792684,38.96955729,40.65362031,54.30470102,95.80739498,36.65966952,65.80319177,65.04250244,45.41813902,49.01903139,45.42890573,50.67824932,58.27683682,57.6199969,64.90771356,49.03265876,59.57909425,78.71198872,
Lesotho,LSO,Market capitalization of listed domestic companies (% of GDP),CM.MKT.LCAP.GD.ZS,,,,,,,,,,,,,,,,,,,,,,,,,,,,,,,,,,,,,,,,,,,,,,,,,,,,,,,,,,,,,,
Late-demographic dividend,LTE,Market capitalization of listed domestic companies (% of GDP),CM.MKT.LCAP.GD.ZS,,,,,,,,,,,,,,,,,,,,,,,,,,,,,,,,,,,,,,,,,,,,40.89908068,38.9426447,36.92164591,53.27473184,100.7733926,35.90069656,66.63420368,65.07560368,45.2679359,47.01140714,43.80485075,49.66696034,61.4778873,59.82430403,64.21320621,46.15861739,58.47038442,76.11529659,
Lithuania,LTU,Market capitalization of listed domestic companies (% of GDP),CM.MKT.LCAP.GD.ZS,,,,,,,,,,,,,,,,,,,,,,,,,,,,,,,,,,,,,,,,,,,,,,,,,,,,,,,,,,,,,,
Luxembourg,LUX,Market capitalization of listed domestic companies (% of GDP),CM.MKT.LCAP.GD.ZS,,,,,,,,,,,,,,,,25.61366062,23.36730994,22.74417832,22.1803789,46.0396589,24.14563066,30.01484587,34.81051114,33.41505832,36.46938212,61.1752338,68.29848264,85.86112197,89.90835723,103.0923096,81.81938717,81.50658455,76.25186382,121.2889031,161.104587,145.9085169,155.1145342,173.1937926,189.4883321,164.1085839,160.2271635,106.1850343,103.8106259,125.8397291,143.0023482,136.037452,185.3025144,321.9351924,113.2051112,192.8647271,179.8992159,109.613446,117.6691794,120.6087244,91.80682028,78.45869327,97.89973568,104.4541204,69.69350601,63.34866222,69.69300453,
Latvia,LVA,Market capitalization of listed domestic companies (% of GDP),CM.MKT.LCAP.GD.ZS,,,,,,,,,,,,,,,,,,,,,,,,,,,,,,,,,,,,,,,,,,,,,,,,,,,,,,,,,,,,,,
"Macao SAR, China",MAC,Market capitalization of listed domestic companies (% of GDP),CM.MKT.LCAP.GD.ZS,,,,,,,,,,,,,,,,,,,,,,,,,,,,,,,,,,,,,,,,,,,,,,,,,,,,,,,,,,,,,,
St. Martin (French part),MAF,Market capitalization of listed domestic companies (% of GDP),CM.MKT.LCAP.GD.ZS,,,,,,,,,,,,,,,,,,,,,,,,,,,,,,,,,,,,,,,,,,,,,,,,,,,,,,,,,,,,,,
Morocco,MAR,Market capitalization of listed domestic companies (% of GDP),CM.MKT.LCAP.GD.ZS,,,,,,,,,,,,,,,,,,,,,,,,,,,,,,,,,,,,,,,,,,,,,,,,,,,74.18421311,59.27553404,53.40573164,50.39181139,44.27616494,41.59596383,51.60736659,56.56164124,47.96624512,50.74099292,54.03857934,
Monaco,MCO,Market capitalization of listed domestic companies (% of GDP),CM.MKT.LCAP.GD.ZS,,,,,,,,,,,,,,,,,,,,,,,,,,,,,,,,,,,,,,,,,,,,,,,,,,,,,,,,,,,,,,
Moldova,MDA,Market capitalization of listed domestic companies (% of GDP),CM.MKT.LCAP.GD.ZS,,,,,,,,,,,,,,,,,,,,,,,,,,,,,,,,,,,,,,,,,,,,,,,,,,,,,,,,,,,,,,
Madagascar,MDG,Market capitalization of listed domestic companies (% of GDP),CM.MKT.LCAP.GD.ZS,,,,,,,,,,,,,,,,,,,,,,,,,,,,,,,,,,,,,,,,,,,,,,,,,,,,,,,,,,,,,,
Maldives,MDV,Market capitalization of listed domestic companies (% of GDP),CM.MKT.LCAP.GD.ZS,,,,,,,,,,,,,,,,,,,,,,,,,,,,,,,,,,,,,,,,,,,,,,,,,,,,,,,,,,,,,,
Middle East & North Africa,MEA,Market capitalization of listed domestic companies (% of GDP),CM.MKT.LCAP.GD.ZS,,,,,,,,,,,,,,,,,,,,,,,,,,,,,,,,,,,,,,,,,,,,,,,,,,49.62742599,47.45425287,33.42086551,32.60135355,52.06723975,46.25159646,48.62470482,46.76907079,47.0876995,47.35231409,125.0671788,172.657052,
Mexico,MEX,Market capitalization of listed domestic companies (% of GDP),CM.MKT.LCAP.GD.ZS,,,,,,,,,,,,,,,,0.534090909,0.89861415,,0.72,0.889556714,0.633228908,0.382634694,0.931698092,1.940327581,1.986307548,2.002870715,4.102561162,6.133899088,8.369511742,12.23121865,15.71270317,32.81570272,38.20490076,40.11399494,24.67650309,25.18759557,25.97975676,31.29312364,17.42553256,25.66401919,17.68648639,16.68525555,13.46202451,16.80061128,21.91167137,27.25178691,35.71352529,37.78151844,21.08623658,39.11418905,42.95184945,34.62036678,43.715016,41.27415703,36.51080609,34.32582974,32.52782517,35.98376298,31.49941476,32.59377341,36.64475566,
Marshall Islands,MHL,Market capitalization of listed domestic companies (% of GDP),CM.MKT.LCAP.GD.ZS,,,,,,,,,,,,,,,,,,,,,,,,,,,,,,,,,,,,,,,,,,,,,,,,,,,,,,,,,,,,,,
Middle income,MIC,Market capitalization of listed domestic companies (% of GDP),CM.MKT.LCAP.GD.ZS,,,,,,,,,,,,,,,,,,,,,,,,,,,,,,,,,,,,,,,,,,,,37.3984166,38.98163874,40.66481908,54.34763433,95.80739498,36.65966952,65.80319177,65.04250244,45.45159083,49.01903139,45.42890573,50.67824932,58.27683682,57.6199969,64.90771356,49.03265876,59.58924846,78.71198872,
North Macedonia,MKD,Market capitalization of listed domestic companies (% of GDP),CM.MKT.LCAP.GD.ZS,,,,,,,,,,,,,,,,,,,,,,,,,,,,,,,,,,,,,,,,,,,,,,,,,,,,,,,,,,,,,,
Mali,MLI,Market capitalization of listed domestic companies (% of GDP),CM.MKT.LCAP.GD.ZS,,,,,,,,,,,,,,,,,,,,,,,,,,,,,,,,,,,,,,,,,,,,,,,,,,,,,,,,,,,,,,
Malta,MLT,Market capitalization of listed domestic companies (% of GDP),CM.MKT.LCAP.GD.ZS,,,,,,,,,,,,,,,,,,,,,,,,,,,,,,,,,,,,,,,,,46.82329793,31.15555407,29.26858976,33.70848774,46.42814223,63.56043652,66.44063809,71.08029014,39.34127504,46.91993003,46.40940368,35.57359189,38.37866047,40.27057325,31.3234362,39.71825618,37.99325947,38.33526554,33.0342857,33.80383689,34.02281702,
Myanmar,MMR,Market capitalization of listed domestic companies (% of GDP),CM.MKT.LCAP.GD.ZS,,,,,,,,,,,,,,,,,,,,,,,,,,,,,,,,,,,,,,,,,,,,,,,,,,,,,,,,,,,,,,
Middle East & North Africa (excluding high income),MNA,Market capitalization of listed domestic companies (% of GDP),CM.MKT.LCAP.GD.ZS,,,,,,,,,,,,,,,,,,,,,,,,,,,,,,,,,,,,,,,,,,,,,,,,,,,27.44241249,20.49876104,18.33594538,41.06058649,23.11079739,20.62252742,19.85981915,23.07280094,28.00366104,,158.3453172,
Montenegro,MNE,Market capitalization of listed domestic companies (% of GDP),CM.MKT.LCAP.GD.ZS,,,,,,,,,,,,,,,,,,,,,,,,,,,,,,,,,,,,,,,,,,,,,,,,,76.29868744,,77.78721013,77.21634695,92.64907123,,,,,,,,,
Mongolia,MNG,Market capitalization of listed domestic companies (% of GDP),CM.MKT.LCAP.GD.ZS,,,,,,,,,,,,,,,,,,,,,,,,,,,,,,,,,,,,,,,,,,,,,,,,,,,,,,,,,,,,,,
Northern Mariana Islands,MNP,Market capitalization of listed domestic companies (% of GDP),CM.MKT.LCAP.GD.ZS,,,,,,,,,,,,,,,,,,,,,,,,,,,,,,,,,,,,,,,,,,,,,,,,,,,,,,,,,,,,,,
Mozambique,MOZ,Market capitalization of listed domestic companies (% of GDP),CM.MKT.LCAP.GD.ZS,,,,,,,,,,,,,,,,,,,,,,,,,,,,,,,,,,,,,,,,,,,,,,,,,,,,,,,,,,,,,,
Mauritania,MRT,Market capitalization of listed domestic companies (% of GDP),CM.MKT.LCAP.GD.ZS,,,,,,,,,,,,,,,,,,,,,,,,,,,,,,,,,,,,,,,,,,,,,,,,,,,,,,,,,,,,,,
Mauritius,MUS,Market capitalization of listed domestic companies (% of GDP),CM.MKT.LCAP.GD.ZS,,,,,,,,,,,,,,,,,,,,,,,,,,,,,,,,,,21.46217993,37.14387571,33.09741349,33.5834201,36.39995685,40.82271098,35.03502498,26.648004,21.20044017,24.59024399,32.58785281,32.20854368,35.85158679,70.54557856,97.16497149,46.66483816,72.10168826,77.49925242,68.10975932,61.5330663,72.74368375,66.93382408,60.28462184,60.093755,71.04614711,66.8277226,59.68106671,54.02668742,
Malawi,MWI,Market capitalization of listed domestic companies (% of GDP),CM.MKT.LCAP.GD.ZS,,,,,,,,,,,,,,,,,,,,,,,,,,,,,,,,,,,,,,,,,,,,,,,,,,,,,,,,,,,,,,
Malaysia,MYS,Market capitalization of listed domestic companies (% of GDP),CM.MKT.LCAP.GD.ZS,,,,,,,,,,,,,,,,,,,,,,61.1831673,51.77362321,74.79885408,56.95831821,77.41604258,53.58379071,56.71724163,65.36714186,102.1818369,108.7329549,115.4203632,150.433979,320.9915885,247.0831897,240.9728693,303.5674922,93.22534733,132.4161587,176.7664953,120.6483714,128.2342403,124.7235892,145.9262648,145.5908267,125.7663069,144.8024507,168.0671232,81.98778838,142.9955433,160.2598047,132.7810762,148.3853507,154.7858846,135.7752187,127.0849861,119.4296398,142.8251646,110.9331144,110.6201766,129.4066951,
North America,NAC,Market capitalization of listed domestic companies (% of GDP),CM.MKT.LCAP.GD.ZS,,,,,,,,,,,,,,,,41.77092582,47.13858991,43.95932138,40.52752762,42.93941538,52.55254365,39.39958049,45.49695502,51.99708221,42.08509305,55.14208952,57.99471264,55.56324455,56.1779903,63.24892216,54.17244587,68.97034691,70.34998757,78.62840874,72.64060553,92.47903539,107.5689649,127.5992138,144.4237423,157.3842481,144.3808294,128.936123,102.151254,122.84873,132.1150917,130.0200117,140.4952783,138.6320909,77.31766818,105.6542784,116.6931492,100.8933883,114.6006862,139.8683504,146.8152679,134.8704568,145.0728478,163.2009952,145.4108167,156.9487284,190.911586,
Namibia,NAM,Market capitalization of listed domestic companies (% of GDP),CM.MKT.LCAP.GD.ZS,,,,,,,,,,,,,,,,,,,,,,,,,,,,,,,,,,0.855060844,5.353877583,4.753301667,11.87227945,16.58886525,11.0381903,17.2413811,7.732555432,4.230697115,2.476722126,1.399806187,1.395470197,1.673995609,1.971929731,1.963762323,0.565402493,0.347818196,0.010289875,0.009202212,,,,,21.79574919,22.60718053,17.99370559,20.80230391,17.64546511,
New Caledonia,NCL,Market capitalization of listed domestic companies (% of GDP),CM.MKT.LCAP.GD.ZS,,,,,,,,,,,,,,,,,,,,,,,,,,,,,,,,,,,,,,,,,,,,,,,,,,,,,,,,,,,,,,
Niger,NER,Market capitalization of listed domestic companies (% of GDP),CM.MKT.LCAP.GD.ZS,,,,,,,,,,,,,,,,,,,,,,,,,,,,,,,,,,,,,,,,,,,,,,,,,,,,,,,,,,,,,,
Nigeria,NGA,Market capitalization of listed domestic companies (% of GDP),CM.MKT.LCAP.GD.ZS,,,,,,,,,,,,,,,,,,,,,,,,,,,,,,,,,,7.720107474,8.799976996,17.65039668,24.89338638,23.06197071,18.90275532,4.951070582,,,2.497462112,,11.68635014,12.66233964,13.76801349,30.50899275,14.15777535,10.92286182,13.77321651,9.416535754,12.11394677,15.49841183,10.93139639,10.13613901,7.362536524,9.905001389,7.473943432,9.80130289,13.08865554,
Nicaragua,NIC,Market capitalization of listed domestic companies (% of GDP),CM.MKT.LCAP.GD.ZS,,,,,,,,,,,,,,,,,,,,,,,,,,,,,,,,,,,,,,,,,,,,,,,,,,,,,,,,,,,,,,
Netherlands,NLD,Market capitalization of listed domestic companies (% of GDP),CM.MKT.LCAP.GD.ZS,,,,,,,,,,,,,,,,18.25447083,18.50345949,17.72853377,17.05132294,16.25072999,15.04433778,13.31086253,16.22462556,21.98928446,24.61600597,41.26817789,41.67718638,35.54654207,41.27326569,59.79238201,37.6418331,51.63252849,47.0417536,51.40831644,59.08256434,63.37617263,83.32208409,112.4319497,137.7102465,155.2524484,153.410299,116.5519471,84.68029234,84.23932562,81.81652287,86.50137638,106.2111919,112.6801739,40.83759766,64.163322,78.01677286,65.68605041,77.57695782,93.23593448,88.16428427,95.1556283,102.7630535,131.9277481,,,,
Norway,NOR,Market capitalization of listed domestic companies (% of GDP),CM.MKT.LCAP.GD.ZS,,,,,,,,,,,,,,,,,,,,,,5.243090242,3.824001984,7.44045967,93.34203805,15.38232947,12.84519267,12.61595349,15.46195257,24.63638935,21.81272462,18.04936012,13.63548399,22.69974331,28.67845589,29.32782589,34.78329992,41.21888839,30.11151204,39.25201341,38.40888283,39.92901882,32.81934637,41.91232012,53.46829538,61.86088767,81.26923625,88.52256123,31.56437858,58.83969116,68.87077611,44.33950096,47.6470795,50.76446598,44.01389376,50.25789813,62.70069788,72.08748933,61.18589888,72.9855373,,
Nepal,NPL,Market capitalization of listed domestic companies (% of GDP),CM.MKT.LCAP.GD.ZS,,,,,,,,,,,,,,,,,,,,,,,,,,,,,,,,,,,,,,,,,,,,,,,,,,,,,,,,,,,,,,
Nauru,NRU,Market capitalization of listed domestic companies (% of GDP),CM.MKT.LCAP.GD.ZS,,,,,,,,,,,,,,,,,,,,,,,,,,,,,,,,,,,,,,,,,,,,,,,,,,,,,,,,,,,,,,
New Zealand,NZL,Market capitalization of listed domestic companies (% of GDP),CM.MKT.LCAP.GD.ZS,,,,,,,,,,,,,,,,,,,,,,,,,,35.59940372,72.58850101,38.76994434,29.76909951,30.70810944,19.39497726,33.44926823,36.79246722,54.77398173,49.02429946,49.08266013,54.59099516,46.1735358,44.07822778,48.24780343,35.37067493,33.08145066,32.66150629,37.44977718,42.08771626,35.38390356,40.18022042,34.61328415,18.18475241,29.25417827,,,30.00459806,34.55174865,36.96507737,41.75482033,42.38993926,45.82787601,40.63758705,50.54466074,62.43594682,
OECD members,OED,Market capitalization of listed domestic companies (% of GDP),CM.MKT.LCAP.GD.ZS,,,,,,,,,,,,,,,,27.03365877,30.79177097,26.06904407,23.03231075,24.75876604,28.78557567,26.33177095,30.19181975,36.36065634,34.45008074,46.78409144,53.07223716,55.06565392,59.68371103,68.1463401,50.27016656,56.01495321,49.25448657,59.17027,58.79364967,62.9021176,70.87692375,81.93996397,91.82300704,117.0069028,105.799339,92.26948324,74.3027345,87.92773533,93.2018635,97.59924088,110.2450569,108.8327133,57.14518234,81.91635756,87.39505797,72.60345477,83.83323329,101.4601235,100.8189626,104.6965257,108.6188499,125.5456031,106.9154724,122.0207799,146.9116431,
Oman,OMN,Market capitalization of listed domestic companies (% of GDP),CM.MKT.LCAP.GD.ZS,,,,,,,,,,,,,,,,,,,,,,,,,,,,,,,,,,12.89751124,16.51075031,17.23298412,19.92202611,47.32819624,31.37612892,26.78918613,21.41417488,20.88782589,,,38.09973911,49.12468338,43.27194035,63.40028377,33.80475662,46.43465564,43.56735804,34.66345348,34.65473181,40.88083915,40.80999081,52.24590975,30.99381765,26.34151627,20.52590041,19.44051005,21.71077694,
Other small states,OSS,Market capitalization of listed domestic companies (% of GDP),CM.MKT.LCAP.GD.ZS,,,,,,,,,,,,,,,,,,,,,,,,,,,,,,,,,,,,,,,,,,,,,,,,,,,,,,,,,,,,,,
Pakistan,PAK,Market capitalization of listed domestic companies (% of GDP),CM.MKT.LCAP.GD.ZS,,,,,,,,,,,,,,,,,,,,,,,,,,,,,,,,,,24.41944098,24.72163969,15.59998434,18.41509379,18.90869125,8.712718436,11.1281101,8.077032754,6.169008955,,,42.31232718,37.74700744,32.71539516,45.74929441,13.73138532,18.96310064,21.4529076,15.24805676,,,,,,,,,,
Panama,PAN,Market capitalization of listed domestic companies (% of GDP),CM.MKT.LCAP.GD.ZS,,,,,,,,,,,,,,,,,,,,,,,,,,,,,,,,,,4.964369604,8.132156252,8.679926579,12.96297835,20.37174971,32.97831182,28.70509156,22.70785018,20.81344754,23.81426874,23.51398,27.99236097,36.41539367,39.41975275,33.824687,28.08567057,28.47882796,28.35570125,30.79522264,31.02669572,27.56584993,27.55509661,24.35546608,23.42343074,24.15282616,24.09960665,25.78809394,25.82294311,
Peru,PER,Market capitalization of listed domestic companies (% of GDP),CM.MKT.LCAP.GD.ZS,,,,,,,,,,,,,,,,,,,,,,,,,,,,,,,,,,,,,,26.64938991,17.78061082,24.09367326,18.84231765,18.81664448,20.88709565,24.05036992,27.06916422,31.73748048,45.1490505,67.91211088,31.41980219,59.31200847,70.05234504,47.66963318,53.26614749,40.252184,39.26495858,29.79669153,42.25674183,47.02112368,41.95261871,43.34418584,43.17796081,
Philippines,PHL,Market capitalization of listed domestic companies (% of GDP),CM.MKT.LCAP.GD.ZS,,,,,,,,,,,,,,,,,,,,,,,,,,,,,,,,,,,,,85.20894056,33.32469648,47.38345847,49.25008653,31.05145828,26.91971324,21.95234785,26.62677781,30.10663083,37.04965014,53.15332569,65.93953749,28.64733442,49.06922661,75.50101321,70.47587027,87.55199814,76.54743628,88.01862712,77.93210889,75.24102656,88.40740787,74.43031406,73.05870037,75.40827871,
Palau,PLW,Market capitalization of listed domestic companies (% of GDP),CM.MKT.LCAP.GD.ZS,,,,,,,,,,,,,,,,,,,,,,,,,,,,,,,,,,,,,,,,,,,,,,,,,,,,,,,,,,,,,,
Papua New Guinea,PNG,Market capitalization of listed domestic companies (% of GDP),CM.MKT.LCAP.GD.ZS,,,,,,,,,,,,,,,,,,,,,,,,,,,,,,,,,,,,,,,,,,,,83.77304871,97.39944585,126.1517677,92.69112847,135.7840717,95.80869164,150.7287947,77.38010948,70.01675098,,13.78999256,14.26300151,7.912433694,7.915287491,7.393961103,,,,
Poland,POL,Market capitalization of listed domestic companies (% of GDP),CM.MKT.LCAP.GD.ZS,,,,,,,,,,,,,,,,,,,,,,,,,,,,,,,,,,,,3.207618747,5.227242979,7.614783072,11.7130133,17.394951,18.16250602,13.62802585,14.25636032,16.99524195,27.64722661,30.71378394,43.19194035,49.32544047,17.01910501,34.3299189,40.08982499,26.3632335,35.82293164,39.65811131,31.3299014,28.87577458,29.5073238,38.38644605,27.25668673,25.43707608,29.61187427,
Pre-demographic dividend,PRE,Market capitalization of listed domestic companies (% of GDP),CM.MKT.LCAP.GD.ZS,,,,,,,,,,,,,,,,,,,,,,,,,,,,,,,,,,,,,,,,,,,,,,,,,,,,,,,,,,,,,,
Puerto Rico,PRI,Market capitalization of listed domestic companies (% of GDP),CM.MKT.LCAP.GD.ZS,,,,,,,,,,,,,,,,,,,,,,,,,,,,,,,,,,,,,,,,,,,,,,,,,,,,,,,,,,,,,,
"Korea, Dem. People's Rep.",PRK,Market capitalization of listed domestic companies (% of GDP),CM.MKT.LCAP.GD.ZS,,,,,,,,,,,,,,,,,,,,,,,,,,,,,,,,,,,,,,,,,,,,,,,,,,,,,,,,,,,,,,
Portugal,PRT,Market capitalization of listed domestic companies (% of GDP),CM.MKT.LCAP.GD.ZS,,,,,,,,,,,,,,,,,,,,,,,,,,,,,,,,,,,,,,33.28886806,50.79133933,53.46162538,51.16191672,38.10546459,31.7854299,35.27573026,37.08923475,33.95289417,49.9085515,54.98572076,26.14720321,40.15535143,34.4360446,25.16742649,30.30143143,34.96734132,25.12992449,30.00951384,27.73641967,34.14815439,25.55932825,,,
Paraguay,PRY,Market capitalization of listed domestic companies (% of GDP),CM.MKT.LCAP.GD.ZS,,,,,,,,,,,,,,,,,,,,,,,,,,,,,,,,,,,,,3.959179492,4.251985993,3.960053234,3.539634649,,,,,,,,,,,,,,,,,,,,,,
West Bank and Gaza,PSE,Market capitalization of listed domestic companies (% of GDP),CM.MKT.LCAP.GD.ZS,,,,,,,,,,,,,,,,,,,,,,,,,,,,,,,,,,,,,,,,14.10189174,10.50398739,12.79616355,11.76528489,11.62247984,16.88905303,61.67957547,36.14905671,30.14787558,24.90369884,29.37729572,25.30496307,24.87435299,23.4194489,24.02781991,22.78290457,23.89854284,22.00604983,24.12878224,22.94656132,21.93072052,22.1927413,
Pacific island small states,PSS,Market capitalization of listed domestic companies (% of GDP),CM.MKT.LCAP.GD.ZS,,,,,,,,,,,,,,,,,,,,,,,,,,,,,,,,,,,,,,,,,,,,,,,,,,,,,,,,,,,,,,
Post-demographic dividend,PST,Market capitalization of listed domestic companies (% of GDP),CM.MKT.LCAP.GD.ZS,,,,,,,,,,,,,,,,27.75400368,31.63440394,26.19839059,23.54588161,25.58494279,30.12602695,27.95660074,31.06465834,37.18477969,35.30220607,47.90477406,53.96600777,55.83727762,60.60445402,69.20849427,51.11309396,56.85868928,50.11215413,61.92313613,60.98172878,65.38940356,74.29799966,85.3966585,96.18629619,123.0940412,111.9402691,97.41647689,78.69579922,93.22818686,98.94032032,104.4466241,119.5640085,120.2534966,63.04518837,90.68093313,97.08078942,80.71615294,93.94900987,113.6300828,113.3968978,118.9956865,122.7294349,143.29867,122.1283876,141.3688854,170.705642,
French Polynesia,PYF,Market capitalization of listed domestic companies (% of GDP),CM.MKT.LCAP.GD.ZS,,,,,,,,,,,,,,,,,,,,,,,,,,,,,,,,,,,,,,,,,,,,,,,,,,,,,,,,,,,,,,
Qatar,QAT,Market capitalization of listed domestic companies (% of GDP),CM.MKT.LCAP.GD.ZS,,,,,,,,,,,,,,,,,,,,,,,,,,,,,,,,,,,,,,,,,,,,,,,,119.8139987,66.39241218,,,,,76.77655092,90.12517483,88.13929712,102.0376077,81.07434615,88.93416482,91.02192285,114.5296161,
Romania,ROU,Market capitalization of listed domestic companies (% of GDP),CM.MKT.LCAP.GD.ZS,,,,,,,,,,,,,,,,,,,,,,,,,,,,,,,,,,,,,,,0.855252512,0.872505509,0.976532012,2.730795365,5.403105309,5.88688062,14.62399583,16.10704956,20.68050328,17.55133855,7.068817822,7.508726297,8.352069362,7.280838257,,12.94812712,11.20954552,10.42211493,9.753897568,11.24032616,8.570623178,10.40171104,10.1499733,
Russian Federation,RUS,Market capitalization of listed domestic companies (% of GDP),CM.MKT.LCAP.GD.ZS,,,,,,,,,,,,,,,,,,,,,,,,,,,,,,,,,,,,,,,,,,,,,,,,,,62.30233446,62.38341351,38.29830209,37.37454375,33.61682066,18.7412012,28.84072031,48.72007177,39.60266438,34.76172295,46.74933199,46.6467509,
Rwanda,RWA,Market capitalization of listed domestic companies (% of GDP),CM.MKT.LCAP.GD.ZS,,,,,,,,,,,,,,,,,,,,,,,,,,,,,,,,,,,,,,,,,,,,,,,,,,,,,,,,,,,,31.03629263,,
South Asia,SAS,Market capitalization of listed domestic companies (% of GDP),CM.MKT.LCAP.GD.ZS,,,,,,,,,,,,,,,,,,,,,,,,,,,,,,,,,,,,,,,,,37.98326833,24.57745518,32.20037428,49.74712034,55.49345615,65.65657,80.82345915,138.2677473,55.32930396,86.40679425,91.87414343,60.20089143,74.14790525,64.06969529,77.52448902,76.8291165,69.31130568,87.5484836,76.15987125,72.34725245,86.38547108,
Saudi Arabia,SAU,Market capitalization of listed domestic companies (% of GDP),CM.MKT.LCAP.GD.ZS,,,,,,,,,,,,,,,,,,,,,,,,,,,,,,,,,,,,,,,,,,,,,,,,,,74.27994417,66.90736159,50.48475591,50.73199898,62.59526928,63.87456709,64.35573045,69.59315201,65.55154739,60.78448966,299.4986171,345.353061,
Sudan,SDN,Market capitalization of listed domestic companies (% of GDP),CM.MKT.LCAP.GD.ZS,,,,,,,,,,,,,,,,,,,,,,,,,,,,,,,,,,,,,,,,,,,,,,,,,,,,,,,,,,,,,,
Senegal,SEN,Market capitalization of listed domestic companies (% of GDP),CM.MKT.LCAP.GD.ZS,,,,,,,,,,,,,,,,,,,,,,,,,,,,,,,,,,,,,,,,,,,,,,,,,,,,,,,,,,,,,,
Singapore,SGP,Market capitalization of listed domestic companies (% of GDP),CM.MKT.LCAP.GD.ZS,,,,,,,,,,,,,,,,,,,,146.3896374,205.2570859,245.5526495,72.94439135,87.29893216,62.00965155,57.78321237,89.41855637,85.45640697,94.64085884,117.9191856,94.81015026,104.678721,93.8679306,218.9112969,181.960861,168.5486483,155.8151292,104.3084375,110.7996527,223.6587457,159.0707681,128.8364307,109.6692939,152.0835253,189.0680376,201.3493118,258.5516955,297.9832236,136.8584686,247.8707359,269.892024,214.1650965,259.2718036,242.0255018,239.1069543,207.7750927,200.8665021,229.3911945,182.2972252,185.7049186,189.0015479,
Solomon Islands,SLB,Market capitalization of listed domestic companies (% of GDP),CM.MKT.LCAP.GD.ZS,,,,,,,,,,,,,,,,,,,,,,,,,,,,,,,,,,,,,,,,,,,,,,,,,,,,,,,,,,,,,,
Sierra Leone,SLE,Market capitalization of listed domestic companies (% of GDP),CM.MKT.LCAP.GD.ZS,,,,,,,,,,,,,,,,,,,,,,,,,,,,,,,,,,,,,,,,,,,,,,,,,,,,,,,,,,,,,,
El Salvador,SLV,Market capitalization of listed domestic companies (% of GDP),CM.MKT.LCAP.GD.ZS,,,,,,,,,,,,,,,,,,,,,,,,,,,,,,,,,,,,,,,,,,,,,,,,,,,,,,,,,,,,,,
San Marino,SMR,Market capitalization of listed domestic companies (% of GDP),CM.MKT.LCAP.GD.ZS,,,,,,,,,,,,,,,,,,,,,,,,,,,,,,,,,,,,,,,,,,,,,,,,,,,,,,,,,,,,,,
Somalia,SOM,Market capitalization of listed domestic companies (% of GDP),CM.MKT.LCAP.GD.ZS,,,,,,,,,,,,,,,,,,,,,,,,,,,,,,,,,,,,,,,,,,,,,,,,,,,,,,,,,,,,,,
Serbia,SRB,Market capitalization of listed domestic companies (% of GDP),CM.MKT.LCAP.GD.ZS,,,,,,,,,,,,,,,,,,,,,,,,,,,,,,,,,,,,,,,,,,,,6.345417751,12.46998688,25.2738247,48.83666535,68.57095373,29.3804938,31.64741808,9.943598353,8.233320054,,,,,,,,,,
Sub-Saharan Africa (excluding high income),SSA,Market capitalization of listed domestic companies (% of GDP),CM.MKT.LCAP.GD.ZS,,,,,,,,,,,,,,,,,,,,,,,,,,,,,,,,,,,118.9555766,109.7355227,94.98414757,92.47286663,68.9554376,98.34460808,,,,,101.4461465,107.8658781,119.1769102,,,,,,,,,,,,,,,
South Sudan,SSD,Market capitalization of listed domestic companies (% of GDP),CM.MKT.LCAP.GD.ZS,,,,,,,,,,,,,,,,,,,,,,,,,,,,,,,,,,,,,,,,,,,,,,,,,,,,,,,,,,,,,,
Sub-Saharan Africa,SSF,Market capitalization of listed domestic companies (% of GDP),CM.MKT.LCAP.GD.ZS,,,,,,,,,,,,,,,,,,,,,,,,,,,,,,,,,,,118.9555766,109.7355227,94.98414757,92.47286663,68.9554376,98.34460808,,,,,101.4461465,107.8658781,119.1769102,,,,,,,,,,,,,,,
Small states,SST,Market capitalization of listed domestic companies (% of GDP),CM.MKT.LCAP.GD.ZS,,,,,,,,,,,,,,,,,,,,,,,,,,,,,,,,,,,,,,,,,,,,,,,,,,,,,,,,,,,,,,
Sao Tome and Principe,STP,Market capitalization of listed domestic companies (% of GDP),CM.MKT.LCAP.GD.ZS,,,,,,,,,,,,,,,,,,,,,,,,,,,,,,,,,,,,,,,,,,,,,,,,,,,,,,,,,,,,,,
Suriname,SUR,Market capitalization of listed domestic companies (% of GDP),CM.MKT.LCAP.GD.ZS,,,,,,,,,,,,,,,,,,,,,,,,,,,,,,,,,,,,,,,,,,,,,,,,,,,,,,,,,,,,,,
Slovak Republic,SVK,Market capitalization of listed domestic companies (% of GDP),CM.MKT.LCAP.GD.ZS,,,,,,,,,,,,,,,,,,,,,,,,,,,,,,,,,,15.89517188,14.56032969,4.651289436,4.332133958,4.907632358,2.178724495,1.509896864,1.491593137,1.765826883,2.625461494,2.75967809,4.194232564,3.913389517,8.240298546,7.983481648,5.334144702,5.69559249,4.570820927,5.435022064,5.703960241,5.676006862,5.300785328,,,,,,,
Slovenia,SVN,Market capitalization of listed domestic companies (% of GDP),CM.MKT.LCAP.GD.ZS,,,,,,,,,,,,,,,,,,,,,,,,,,,,,,,,,,,,,,9.032947117,13.47827479,12.56638504,15.27701767,16.57998949,23.74596022,24.07355808,28.11817694,21.81625591,38.45326279,60.04031688,21.15365911,24.00922254,19.55754858,12.26325211,13.90115237,14.72339818,15.03956629,13.99985886,11.75522725,13.00361603,13.41233669,14.58322906,15.73087578,
Sweden,SWE,Market capitalization of listed domestic companies (% of GDP),CM.MKT.LCAP.GD.ZS,,,,,,,,,,,,,,,,2.654279358,2.909522968,8.045984239,9.789860033,8.652581744,9.085454351,13.2748604,16.25866351,28.8007954,23.51076891,32.68012085,42.0969486,38.45547187,48.15535601,54.70966805,35.14075894,35.39205841,27.46165013,47.19818981,52.07096137,64.55163764,82.39498852,98.71860374,102.9165025,136.1968394,124.9218987,97.57361257,67.12310276,86.70202697,,,,,,,,,,,,,,,,,,
Eswatini,SWZ,Market capitalization of listed domestic companies (% of GDP),CM.MKT.LCAP.GD.ZS,,,,,,,,,,,,,,,,,,,,,,,,,,,,,,,,,,,23.85694085,19.9448795,29.39866046,7.541213173,5.392844728,6.126426328,4.201712454,8.239991556,10.31749045,7.838050805,8.0156449,6.17753889,6.000570277,6.75224624,,,,,,,,,,,,,,
Sint Maarten (Dutch part),SXM,Market capitalization of listed domestic companies (% of GDP),CM.MKT.LCAP.GD.ZS,,,,,,,,,,,,,,,,,,,,,,,,,,,,,,,,,,,,,,,,,,,,,,,,,,,,,,,,,,,,,,
Seychelles,SYC,Market capitalization of listed domestic companies (% of GDP),CM.MKT.LCAP.GD.ZS,,,,,,,,,,,,,,,,,,,,,,,,,,,,,,,,,,,,,,,,,,,,,,,,,,,,,,,,,,,,67.47553358,,
Syrian Arab Republic,SYR,Market capitalization of listed domestic companies (% of GDP),CM.MKT.LCAP.GD.ZS,,,,,,,,,,,,,,,,,,,,,,,,,,,,,,,,,,,,,,,,,,,,,,,,,,,,,,,,,,,,,,
Turks and Caicos Islands,TCA,Market capitalization of listed domestic companies (% of GDP),CM.MKT.LCAP.GD.ZS,,,,,,,,,,,,,,,,,,,,,,,,,,,,,,,,,,,,,,,,,,,,,,,,,,,,,,,,,,,,,,
Chad,TCD,Market capitalization of listed domestic companies (% of GDP),CM.MKT.LCAP.GD.ZS,,,,,,,,,,,,,,,,,,,,,,,,,,,,,,,,,,,,,,,,,,,,,,,,,,,,,,,,,,,,,,
East Asia & Pacific (IDA & IBRD countries),TEA,Market capitalization of listed domestic companies (% of GDP),CM.MKT.LCAP.GD.ZS,,,,,,,,,,,,,,,,,,,,,,,,,,,,,,,,,,,,,,,,,,,,38.8594864,32.59834433,27.63100615,47.72074081,115.7282118,37.93597172,68.41463933,67.6193223,48.96131362,49.41766769,46.1112008,60.27204147,72.55901118,65.69965084,72.30800231,49.21882676,61.32461229,81.8254569,
Europe & Central Asia (IDA & IBRD countries),TEC,Market capitalization of listed domestic companies (% of GDP),CM.MKT.LCAP.GD.ZS,,,,,,,,,,,,,,,,,,,,,,,,,,,,,,,,,,,,,,,,,,,,,,,,,,44.7186905,46.09524429,29.46611306,35.4376733,28.48463846,20.16487638,24.44075621,32.45331466,32.8119743,26.60787086,34.25499405,36.32877081,
Togo,TGO,Market capitalization of listed domestic companies (% of GDP),CM.MKT.LCAP.GD.ZS,,,,,,,,,,,,,,,,,,,,,,,,,,,,,,,,,,,,,,,,,,,,,,,,,,,,,,,,,,,,,,
Thailand,THA,Market capitalization of listed domestic companies (% of GDP),CM.MKT.LCAP.GD.ZS,,,,,,,,,,,,,,,,,,,,,,,,,,,,,,31.95125212,23.96637647,38.75321211,51.39239601,99.40222436,86.64923516,82.86786562,52.82992293,15.23912346,30.13174484,45.13852714,23.11645197,29.87883032,33.88240624,78.15646859,66.73985928,65.4373067,63.20455442,74.97052681,35.39267669,62.81488351,81.42122995,72.40425058,98.03754456,84.30620216,105.6677927,86.9177938,104.7391468,120.2557332,98.81331398,104.6219701,108.7021074,
Tajikistan,TJK,Market capitalization of listed domestic companies (% of GDP),CM.MKT.LCAP.GD.ZS,,,,,,,,,,,,,,,,,,,,,,,,,,,,,,,,,,,,,,,,,,,,,,,,,,,,,,,,,,,,,,
Turkmenistan,TKM,Market capitalization of listed domestic companies (% of GDP),CM.MKT.LCAP.GD.ZS,,,,,,,,,,,,,,,,,,,,,,,,,,,,,,,,,,,,,,,,,,,,,,,,,,,,,,,,,,,,,,
Latin America & the Caribbean (IDA & IBRD countries),TLA,Market capitalization of listed domestic companies (% of GDP),CM.MKT.LCAP.GD.ZS,,,,,,,,,,,,,,,,,,,,,,,,,,,,,,,,,,,,,,,,,25.01724592,23.05697606,19.85148033,31.39576301,37.62266913,41.73195686,50.33459795,67.90768807,30.06700438,62.80316935,61.76523965,43.50004855,48.73367597,41.10058592,35.44100452,29.48886464,37.16972776,42.12692567,39.18788305,46.20746844,52.84673069,
Timor-Leste,TLS,Market capitalization of listed domestic companies (% of GDP),CM.MKT.LCAP.GD.ZS,,,,,,,,,,,,,,,,,,,,,,,,,,,,,,,,,,,,,,,,,,,,,,,,,,,,,,,,,,,,,,
Middle East & North Africa (IDA & IBRD countries),TMN,Market capitalization of listed domestic companies (% of GDP),CM.MKT.LCAP.GD.ZS,,,,,,,,,,,,,,,,,,,,,,,,,,,,,,,,,,,,,,,,,,,,,,,,,,,27.46171634,20.46055437,18.28842982,41.2480801,23.11451426,20.58266413,19.83220646,23.05796313,28.08399674,,160.8485837,
Tonga,TON,Market capitalization of listed domestic companies (% of GDP),CM.MKT.LCAP.GD.ZS,,,,,,,,,,,,,,,,,,,,,,,,,,,,,,,,,,,,,,,,,,,,,,,,,,,,,,,,,,,,,,
South Asia (IDA & IBRD),TSA,Market capitalization of listed domestic companies (% of GDP),CM.MKT.LCAP.GD.ZS,,,,,,,,,,,,,,,,,,,,,,,,,,,,,,,,,,,,,,,,,37.98326833,24.57745518,32.20037428,49.74712034,55.49345615,65.65657,80.82345915,138.2677473,55.32930396,86.40679425,91.87414343,60.20089143,74.14790525,64.06969529,77.52448902,76.8291165,69.31130568,87.5484836,76.15987125,72.34725245,86.38547108,
Sub-Saharan Africa (IDA & IBRD countries),TSS,Market capitalization of listed domestic companies (% of GDP),CM.MKT.LCAP.GD.ZS,,,,,,,,,,,,,,,,,,,,,,,,,,,,,,,,,,,118.9555766,109.7355227,94.98414757,92.47286663,68.9554376,98.34460808,,,,,101.4461465,107.8658781,119.1769102,,,,,,,,,,,,,,,
Trinidad and Tobago,TTO,Market capitalization of listed domestic companies (% of GDP),CM.MKT.LCAP.GD.ZS,,,,,,,,,,,,,,,,,,,,,,,,,,,,,,,,,,,,,,,,,41.92234737,44.06975472,,,,,,,,,,,,,,,,,,,,
Tunisia,TUN,Market capitalization of listed domestic companies (% of GDP),CM.MKT.LCAP.GD.ZS,,,,,,,,,,,,,,,,,,,,,,,,,,,,,,,,,,,,22.34089939,19.20640223,10.78319259,9.965797829,,,,,,,,,,,,23.05260963,20.07776169,,17.6659412,17.39324336,19.26440601,19.04881951,21.1616477,19.51224151,20.2911443,20.15079167,
Turkiye,TUR,Market capitalization of listed domestic companies (% of GDP),CM.MKT.LCAP.GD.ZS,,,,,,,,,,,,,,,,,,,,,,,,,,,,,,,,,,20.32122083,16.53151084,12.2557186,16.70296584,32.18328703,12.19187148,43.96341797,25.41384178,23.98399731,15.00249219,21.73574247,24.04102705,31.60074531,28.87942716,41.76064122,15.26153479,35.68246391,38.92484176,23.49585253,35.79526975,20.43735541,23.40507426,21.85100629,19.75006639,26.48577529,19.17391749,24.3396446,32.96919689,
Tuvalu,TUV,Market capitalization of listed domestic companies (% of GDP),CM.MKT.LCAP.GD.ZS,,,,,,,,,,,,,,,,,,,,,,,,,,,,,,,,,,,,,,,,,,,,,,,,,,,,,,,,,,,,,,
Tanzania,TZA,Market capitalization of listed domestic companies (% of GDP),CM.MKT.LCAP.GD.ZS,,,,,,,,,,,,,,,,,,,,,,,,,,,,,,,,,,,,,,,,1.348337046,1.73056526,2.931162036,,,,,,,,,,,,,,,,,,,10.38617243,
Uganda,UGA,Market capitalization of listed domestic companies (% of GDP),CM.MKT.LCAP.GD.ZS,,,,,,,,,,,,,,,,,,,,,,,,,,,,,,,,,,,,,,,,,,,,,,,,,,,,,,,,,,,,,,
Ukraine,UKR,Market capitalization of listed domestic companies (% of GDP),CM.MKT.LCAP.GD.ZS,,,,,,,,,,,,,,,,,,,,,,,,,,,,,,,,,,,,,,,,,,,,,,,,,,,27.54580933,15.15006089,,11.57438717,9.173024025,6.28312613,4.770223986,4.637323049,3.373370453,,,
Upper middle income,UMC,Market capitalization of listed domestic companies (% of GDP),CM.MKT.LCAP.GD.ZS,,,,,,,,,,,,,,,,,,,,,,,,,,,,,,,,,,,,,,,,,,,,38.30319301,39.33562457,39.60618145,54.47115719,99.19791092,37.37704287,69.48133254,67.43560093,46.93281941,49.52570979,45.1262641,50.79991954,60.82068786,60.61375801,65.98856771,47.15884641,59.81874667,78.5505453,
Uruguay,URY,Market capitalization of listed domestic companies (% of GDP),CM.MKT.LCAP.GD.ZS,,,,,,,,,,,,,,,,,,,,,,,,,,,,,,,,,,,,6.738847048,1.383341399,,,,,,,,,,,,,,,,,,,,,,,,,
United States,USA,Market capitalization of listed domestic companies (% of GDP),CM.MKT.LCAP.GD.ZS,,,,,,,,,,,,,,,,41.77092582,47.13858991,40.0724172,36.654251,37.81747118,47.59018894,39.39958049,43.5692922,49.78028298,39.68086342,53.02763392,55.41805006,52.14532621,53.08839138,59.95188582,51.87613279,67.54641223,69.71803715,76.56243287,70.50327257,90.99809431,105.0460652,125.5619309,142.5889796,153.4328697,147.379062,132.1466528,101.1466351,124.5261452,133.6127379,130.3827345,141.644163,137.6396816,78.47250698,104.1388183,114.8481129,100.2626899,114.8539751,142.6977437,150.0260328,137.6881854,146.3067053,164.9132189,148.2307899,158.5092636,193.3463708,
Uzbekistan,UZB,Market capitalization of listed domestic companies (% of GDP),CM.MKT.LCAP.GD.ZS,,,,,,,,,,,,,,,,,,,,,,,,,,,,,,,,,,,,,,,,,,,,,,,,,,,,,,,,,,,,,,
St. Vincent and the Grenadines,VCT,Market capitalization of listed domestic companies (% of GDP),CM.MKT.LCAP.GD.ZS,,,,,,,,,,,,,,,,,,,,,,,,,,,,,,,,,,,,,,,,,,,,,,,,,,,,,,,,,,,,,,
"Venezuela, RB",VEN,Market capitalization of listed domestic companies (% of GDP),CM.MKT.LCAP.GD.ZS,,,,,,,,,,,,,,,,,,,,,,,,,,,,,,,,,,12.98709493,8.435488657,5.535700644,14.26566758,16.98507648,8.299923482,7.607661649,6.91476009,5.057444845,4.284041662,,,,,,,,,,,,,,,,,,,
British Virgin Islands,VGB,Market capitalization of listed domestic companies (% of GDP),CM.MKT.LCAP.GD.ZS,,,,,,,,,,,,,,,,,,,,,,,,,,,,,,,,,,,,,,,,,,,,,,,,,,,,,,,,,,,,,,
Virgin Islands (U.S.),VIR,Market capitalization of listed domestic companies (% of GDP),CM.MKT.LCAP.GD.ZS,,,,,,,,,,,,,,,,,,,,,,,,,,,,,,,,,,,,,,,,,,,,,,,,,,,,,,,,,,,,,,
Vietnam,VNM,Market capitalization of listed domestic companies (% of GDP),CM.MKT.LCAP.GD.ZS,,,,,,,,,,,,,,,,,,,,,,,,,,,,,,,,,,,,,,,,,,,,,,,,,12.47432946,31.4174488,25.03715823,15.04192803,18.76656644,21.11631428,22.4572091,24.54837301,28.48048869,44.53826623,42.77659813,44.80647336,53.66418856,
Vanuatu,VUT,Market capitalization of listed domestic companies (% of GDP),CM.MKT.LCAP.GD.ZS,,,,,,,,,,,,,,,,,,,,,,,,,,,,,,,,,,,,,,,,,,,,,,,,,,,,,,,,,,,,,,
World,WLD,Market capitalization of listed domestic companies (% of GDP),CM.MKT.LCAP.GD.ZS,,,,,,,,,,,,,,,,27.17255113,30.7194669,25.82677644,23.08240751,25.34225846,29.5305011,27.52926318,30.78809929,36.81048072,34.69570084,46.93971439,53.44851438,55.4878831,59.94418224,69.2733718,50.72593061,56.74836798,50.15674585,61.69737244,60.67363856,63.74100491,71.90620322,80.38414223,89.24759562,114.7037695,100.7015464,88.10067682,72.36721304,84.61374624,88.91837583,92.28644633,105.772999,113.6432836,55.9297697,83.46429279,86.94460161,68.46272371,78.04725077,88.64383383,89.99411406,94.29828452,96.72297274,110.7365256,91.48383364,108.0485264,133.1669163,
Samoa,WSM,Market capitalization of listed domestic companies (% of GDP),CM.MKT.LCAP.GD.ZS,,,,,,,,,,,,,,,,,,,,,,,,,,,,,,,,,,,,,,,,,,,,,,,,,,,,,,,,,,,,,,
Kosovo,XKX,Market capitalization of listed domestic companies (% of GDP),CM.MKT.LCAP.GD.ZS,,,,,,,,,,,,,,,,,,,,,,,,,,,,,,,,,,,,,,,,,,,,,,,,,,,,,,,,,,,,,,
"Yemen, Rep.",YEM,Market capitalization of listed domestic companies (% of GDP),CM.MKT.LCAP.GD.ZS,,,,,,,,,,,,,,,,,,,,,,,,,,,,,,,,,,,,,,,,,,,,,,,,,,,,,,,,,,,,,,
South Africa,ZAF,Market capitalization of listed domestic companies (% of GDP),CM.MKT.LCAP.GD.ZS,,,,,,,,,,,,,,,,56.1698208,47.87459193,53.09285132,59.96196287,70.5350341,62.44132313,80.3683401,90.62201528,86.02143835,62.90592119,86.0028957,139.9388384,143.7689285,121.362769,134.595602,108.584475,136.6114234,111.6285325,147.488109,169.0567264,161.5215412,147.9881749,136.1370587,110.1665314,171.4263705,134.6268559,108.8916473,140.9877011,132.3459295,172.9899251,190.1593046,234.0651201,248.6479531,152.6893096,242.3097384,221.6302228,172.2030822,208.9599588,235.1820912,244.9982867,212.2654711,293.9934886,322.7109753,214.105382,271.8801964,311.4535946,
Zambia,ZMB,Market capitalization of listed domestic companies (% of GDP),CM.MKT.LCAP.GD.ZS,,,,,,,,,,,,,,,,,,,,,,,,,,,,,,,,,,,,11.24119923,6.033824508,11.66017026,8.079581926,8.035103771,,7.326935963,,15.41564069,26.52241438,30.20594355,23.14488248,,,,,13.57432139,,,,,,,,,,
Zimbabwe,ZWE,Market capitalization of listed domestic companies (% of GDP),CM.MKT.LCAP.GD.ZS,,,,,,,,,,,,,,,,,,,,,,,,,,,,,,,,,,21.90647318,24.45478854,29.95385902,42.47629755,22.6173141,14.93431348,35.88050889,,,,,,,,,,,,,,,,,,,,,,
